calibration,projection,n,auc,base_rate,mean_predicted,brier,reliability,resolution
raw,AP,10434,0.8329409967439705,0.383170390965209,0.5638178471791141,0.20511043020897982,0.04516808751149782,0.07617993609129997
raw,PA,12438,0.8548998849783341,0.09294095167605468,0.18605140384617974,0.09245972053475611,0.025526568346981294,0.015361034462799805
raw,all,22872,0.8801606019806597,0.22534102709302517,0.3583856764226149,0.14385052106200236,0.03330034851758894,0.0630492755155701
after Platt,AP,10434,0.8329409967439705,0.383170390965209,0.37128733281624315,0.16088531573477738,0.001292995617539733,0.07617993609129997
after Platt,PA,12438,0.8548998849783341,0.09294095167605468,0.10607521215280194,0.06748360760517362,0.0010171186948193613,0.015361034462799805
after Platt,all,22872,0.8801606019806597,0.22534102709302517,0.22706345981394738,0.11009301673024001,0.00028680698381235766,0.0630492755155701
Platt per projection,AP,10434,0.8329409967439705,0.383170390965209,0.38768069355199214,0.16095905360617033,0.0013738471746567566,0.07617993609129997
Platt per projection,PA,12438,0.8548998849783341,0.09294095167605468,0.0926517647315229,0.0668187406942071,0.000290409550919634,0.015361034462799805
Platt per projection,all,22872,0.8806824192962278,0.22534102709302517,0.22724184802521377,0.1097651023624722,0.0003045012242107186,0.06334548457894998
