auc,auprc,sens_oracle,spec_oracle,thr,sens,spec,auc_AP,n_AP,pos_AP,sens_AP,spec_AP,thr_AP,sens_AP_strat,spec_AP_strat,auc_PA,n_PA,pos_PA,sens_PA,spec_PA,thr_PA,sens_PA_strat,spec_PA_strat,auc_stratified,sens_gap,sens_gap_strat,fold,seed,epochs,auc_last,auc_sel,best_epoch,n_fit,n_sel,n_val,auc_corners,auc_zoom_in,auc_shift,auc_rotate,auc_low_contr,auc_bright,auc_blur,auc_lowres,cam_n,cam_hit,cam_mass,cam_area_baseline,cam_hit_lift,cam_mass_lift,balance_view,n_fit_effective,auc_view,balance_strength,balance_residual_auc,cam_degenerate,device_name,dml_index,tag,pred_dir,ckpt,head,head_grid,head_negatives,head_lambda,head_lambda_measured,head_tile_pos_weight,head_tile_coverage,head_lambda_batch,aug_translate,aug_scale_lo,aug_scale_hi,aug_degrees,images,csv,size,input_px,aug_brightness,aug_contrast,aug_brightness_measured,aug_contrast_measured
0.8648665296223507,0.6707637135320755,0.8419010669253152,0.7265029635901779,0.5907567739486694,0.7623666343355965,0.7967823878069432,0.8178292540792542,2087,0.3833253473885961,0.83875,0.6091686091686092,,,,0.8235239937367598,2487,0.0928829915560916,0.4978354978354978,0.9038120567375888,,,,0.8209256287028257,,,0,0,8,0.8597428352185823,0.8860310672602427,6,15248,3050,4574,0.8635033411053832,0.8598219518932293,0.8637044179134389,0.8625212266752955,0.8621073013740294,0.8604214865557774,0.8532911304732519,0.8546677332360938,300,0.5266666666666666,0.1706676623132621,0.1128446534863945,0.413822013180272,0.0578230088268676,,,,,,,,,,,,,,,,,,,,,,,,,,,,,,,
0.8867007639036374,0.7079343827257146,0.8874878758486906,0.718961625282167,0.4748177528381347,0.8448108632395732,0.7542325056433409,0.8420286430298947,2086,0.3830297219558964,0.8936170212765957,0.5485625485625486,0.6818863749504089,0.7897371714643304,0.7272727272727273,0.8700250561471591,2489,0.0932101245480112,0.6767241379310345,0.8715108551174124,0.1902447342872619,0.8620689655172413,0.7199822773593265,0.8572599156525987,0.2168928833455612,0.0723317940529109,1,0,8,0.8824177637700801,0.8849731947699034,7,15247,3050,4575,0.8866077117265447,0.8853520547015433,0.888112146483832,0.8869104049849694,0.8838287358259639,0.8856246428438498,0.8764778875185283,0.876762517707282,300,0.53,0.1991120759909843,0.1107017963435374,0.4192982036564626,0.0884102796474469,,,,,,,,,,,,,,,,,,,,,,,,,,,,,,,
0.8807416052143637,0.7036566078858821,0.8195926285160039,0.781541066892464,0.5006821155548096,0.8128031037827352,0.7849280270956817,0.8381361693861692,2087,0.3833253473885961,0.8975,0.5648795648795649,0.7440778017044067,0.74375,0.77000777000777,0.8444379202357927,2487,0.0928829915560916,0.5194805194805194,0.9104609929078016,0.166255846619606,0.8051948051948052,0.7309397163120568,0.8415625914156869,0.3780194805194805,0.0614448051948052,2,0,8,0.8757925697670821,0.8825149487396983,7,15248,3050,4574,0.8803646375292822,0.8784184768370195,0.8781422528760554,0.8800930674903561,0.8787940757215018,0.8760781015721222,0.8549930971385771,0.8589836984061412,300,0.4933333333333333,0.1933918485012706,0.1226302747661564,0.3707030585671769,0.0707615737351141,,,,,,,,,,,,,,,,,,,,,,,,,,,,,,,
0.8870135834283925,0.7100278122211028,0.8244422890397672,0.7920428893905191,0.402269959449768,0.8448108632395732,0.7649548532731377,0.8438412975912977,2087,0.3833253473885961,0.90375,0.5532245532245532,0.6767557263374329,0.7125,0.8065268065268065,0.8651314716888487,2488,0.0928456591639871,0.6406926406926406,0.8856889676561808,0.1601371020078659,0.8268398268398268,0.7642888790429774,0.8554194294283921,0.2630573593073594,0.1143398268398268,3,0,8,0.8852111080215356,0.8629489934895136,7,15247,3050,4575,0.8879484841252986,0.889053889252583,0.8896674862556462,0.8857012740485142,0.8868575841903256,0.8839209669544351,0.8727511478259729,0.87405114147653,300,0.59,0.1921850862585521,0.1166582961309523,0.4733417038690476,0.0755267901275997,,,,,,,,,,,,,,,,,,,,,,,,,,,,,,,
0.8814805277345548,0.6847340916078568,0.8805825242718447,0.7209367945823928,0.4448237717151642,0.8,0.7869638826185101,0.8228696196332372,2087,0.3828461907043603,0.8760951188986232,0.5644409937888198,0.5134500861167908,0.8347934918648311,0.6288819875776398,0.8713809830831107,2487,0.0928829915560916,0.5367965367965368,0.9140070921985816,0.1621273159980774,0.8138528138528138,0.7734929078014184,0.8492464803459253,0.3392985821020864,0.0209406780120172,4,0,8,0.8775132043218128,0.8794823889154795,7,15248,3050,4574,0.8819426789980056,0.8831242192465317,0.8798223169475552,0.880347065462754,0.8767686120668873,0.8780558964693508,0.8542456551754366,0.8589493523855444,300,0.5533333333333333,0.2052678508759162,0.1205757068452381,0.4327576264880952,0.0846921440306781,,,,,,,,,,,,,,,,,,,,,,,,,,,,,,,
0.8434417888800281,0.601956302927128,0.8089233753637245,0.7366638441998307,0.1953039318323135,0.8166828322017459,0.7208580299181485,0.8123883061383061,2087,0.3833253473885961,0.8575,0.5710955710955711,0.3102824687957763,0.7825,0.679098679098679,0.8099651530502593,2487,0.0928829915560916,0.6753246753246753,0.8062943262411347,0.1752917617559433,0.6753246753246753,0.7974290780141844,0.8110707762454393,0.1821753246753247,0.1071753246753246,0,0,8,0.8346135725339758,0.8632409767023268,6,15248,3050,4574,0.8421002274125317,0.8449363822545406,0.8452108267747254,0.8430407303043966,0.841118112982444,0.8405648437801564,0.8206285368096489,0.8234301978765523,300,0.34,0.1437301159457092,0.1128446534863945,0.2271553465136054,0.0308854624593147,1.0,13133.289481908185,0.738124591912444,,,,,,,,,,,,,,,,,,,,,,,,,,,,
0.8561617790903664,0.656082935530662,0.7934044616876819,0.7519051651143099,0.3347581923007965,0.7895247332686712,0.7538808918995202,0.81008547008547,2087,0.3833253473885961,0.835,0.5959595959595959,0.5749410390853882,0.6875,0.7707847707847708,0.82720633385527,2487,0.0928829915560916,0.6320346320346321,0.8439716312056738,0.210503950715065,0.6926406926406926,0.785904255319149,0.819394518663409,0.2029653679653679,0.0051406926406926,0,0,8,0.8482895330829525,0.8797774521199891,5,15248,3050,4574,0.8566256656135115,0.8543204685240197,0.8570942060586947,0.8568250998608478,0.855264667177503,0.8505390199880477,0.8488299355596053,0.8494439795085076,297,0.4444444444444444,0.1600687560194892,0.113148250146018,0.3312961942984264,0.0469205058734711,1.0,14762.469946657073,0.7671101996794447,0.5,0.6105489189877279,,,,,,,,,,,,,,,,,,,,,,,,,,
0.8689338191021889,0.6763402781667301,0.7846750727449079,0.8002257336343115,0.2988823354244232,0.8399612027158099,0.7282731376975169,0.8229634362300194,2086,0.3830297219558964,0.886107634543179,0.54001554001554,0.5002818703651428,0.7559449311639549,0.745920745920746,0.8509999541655845,2489,0.0932101245480112,0.6810344827586207,0.8356225077536553,0.2134122252464294,0.771551724137931,0.7784669915817457,0.8382165276270952,0.2050731517845583,0.0156067929739761,1,0,8,0.8752375567344597,0.8757002835594588,4,15247,3050,4575,0.8701700446431504,0.8704212855213002,0.8693829326980972,0.8696169315551975,0.8686352310868711,0.870846315024314,0.8524589311479573,0.8535424416453377,295,0.4576271186440678,0.1886738033232539,0.1107280677101349,0.3468990509339329,0.0779457356131189,1.0,14760.977963432006,0.7755454777627506,0.5,0.6106242829855539,,,,,,,,,,,,,,,,,,,,,,,,,,
0.8645423976404067,0.6514057621163992,0.8060135790494666,0.7533163985323172,0.3410899341106415,0.7904946653734238,0.7631950324583686,0.8247125097125099,2087,0.3833253473885961,0.86875,0.5742035742035742,0.3676486909389496,0.85125,0.616938616938617,0.8300155813453686,2487,0.0928829915560916,0.5194805194805194,0.8710106382978723,0.1035564541816711,0.7835497835497836,0.7189716312056738,0.8275959244809663,0.3492694805194806,0.0677002164502164,2,0,8,0.8635267475956333,0.8678535722667691,4,15248,3050,4574,0.8649834251935415,0.8659810070704026,0.8670117139217697,0.8620669217563465,0.8644016849387859,0.8627687058236717,0.859469896379057,0.8601704485258427,294,0.4013605442176871,0.1706117479134631,0.1233003365568166,0.2780602076608705,0.0473114113566465,1.0,14762.46994665707,0.7988877091397547,0.5,0.6105489189877279,,,,,,,,,,,,,,,,,,,,,,,,,,
0.877456166950932,0.6805933822600679,0.8273520853540253,0.7621331828442438,0.4213378727436065,0.8700290979631425,0.7121896162528216,0.844040404040404,2087,0.3833253473885961,0.92875,0.5213675213675214,0.6266239881515503,0.77625,0.7381507381507382,0.8417026777682515,2488,0.0928456591639871,0.6666666666666666,0.8210013291980505,0.4259980916976928,0.6666666666666666,0.8227735932653966,0.8427690897310892,0.2620833333333333,0.1095833333333333,3,0,8,0.869479542752549,0.8592111155668325,3,15247,3050,4575,0.8775170613903527,0.8703493069254904,0.8773060518946518,0.8734287866215054,0.8774628721813401,0.8685101580135439,0.8594879283958023,0.8598428950831228,300,0.5466666666666666,0.1831013026748862,0.1166582961309523,0.4300083705357143,0.0664430065439338,1.0,14761.35477356186,0.7890785208386937,0.5,0.6105633116439536,,,,,,,,,,,,,,,,,,,,,,,,,,
0.8580412128251769,0.6220006112393903,0.8213592233009709,0.7460496613995485,0.5535005927085876,0.8563106796116505,0.7025959367945824,0.807639984763563,2087,0.3828461907043603,0.8911138923654568,0.5194099378881988,0.6822161674499512,0.8010012515644556,0.6630434782608695,0.8385008903625927,2487,0.0928829915560916,0.7359307359307359,0.8071808510638298,0.4382193088531494,0.8138528138528138,0.7282801418439716,0.8244198431423971,0.1551831564347209,0.0128515622883582,4,0,8,0.8652989326963116,0.8596158264757319,3,15248,3050,4574,0.8573729152512656,0.8507813013653598,0.8563257467838437,0.8540332080475137,0.8553614477634837,0.847303798023187,0.8385905893181969,0.8405813736877863,297,0.6296296296296297,0.2182217332075972,0.1213183466252662,0.5083112830043633,0.0969033865823309,1.0,14762.071319787066,0.7850992867751794,0.5,0.6105848642624158,,,,,,,,,,,,,,,,,,,,,,,,,,
0.8434417888800281,0.601956302927128,0.8089233753637245,0.7366638441998307,0.1953039318323135,0.8166828322017459,0.7208580299181485,0.8123883061383061,2087,0.3833253473885961,0.8575,0.5710955710955711,0.3102824687957763,0.7825,0.679098679098679,0.8099651530502593,2487,0.0928829915560916,0.6753246753246753,0.8062943262411347,0.1752917617559433,0.6753246753246753,0.7974290780141844,0.8110707762454393,0.1821753246753247,0.1071753246753246,0,0,8,0.8346135725339758,0.8632409767023268,6,15248,3050,4574,0.8421002274125317,0.8449363822545406,0.8452108267747254,0.8430407303043966,0.841118112982444,0.8405648437801564,0.8206285368096489,0.8234301978765523,300,0.34,0.1437301159457092,0.1128446534863945,0.2271553465136054,0.0308854624593147,1.0,13133.289481908185,0.738124591912444,1.0,0.5000000000000001,0.0,,,,,,,,,,,,,,,,,,,,,,,,,
0.8652737211894039,0.6252181231642053,0.8302618816682832,0.7468961625282167,0.2538363337516784,0.8486905916585838,0.7141647855530474,0.8183121287001136,2086,0.3830297219558964,0.8873591989987485,0.5345765345765345,0.5695341229438782,0.7559449311639549,0.7404817404817405,0.8590018792110369,2489,0.0932101245480112,0.7155172413793104,0.8165706690296854,0.2538363337516784,0.7155172413793104,0.8165706690296854,0.8404491317649635,0.1718419576194381,0.0404276897846445,1,0,8,0.8652737211894039,0.8591143935962824,8,15247,3050,4575,0.8644276305850463,0.8617359595212081,0.8597783059249058,0.8596756748472303,0.8626949443110088,0.8587265426408864,0.8110009020587521,0.8154745223139122,300,0.2433333333333333,0.1761436666968196,0.1107017963435374,0.1326315369897959,0.0654418703532822,1.0,13129.629871930249,0.773306286876061,1.0,0.5,6.0,,,,,,,,,,,,,,,,,,,,,,,,,
0.8580422373538564,0.638977096647136,0.7866149369544132,0.7727914197008185,0.2485446035861969,0.8419010669253152,0.6996895286480384,0.8218628593628593,2087,0.3833253473885961,0.8925,0.5073815073815073,0.4761494100093841,0.76125,0.728049728049728,0.8236966933775445,2487,0.0928829915560916,0.6666666666666666,0.8093971631205674,0.1830453425645828,0.7229437229437229,0.7672872340425532,0.8228599615042065,0.2258333333333333,0.038306277056277,2,0,8,0.8548507418762369,0.8531342919499488,6,15248,3050,4574,0.8567593974320754,0.8576094226043183,0.8591454906369932,0.854274476823879,0.8555359634563092,0.8551981434683709,0.8219111029713102,0.8299222822395659,300,0.53,0.198189672098221,0.1226302747661564,0.4073697252338435,0.0755593973320645,1.0,13133.289481908185,0.7764431584729332,1.0,0.5000000000000001,4.0,,,,,,,,,,,,,,,,,,,,,,,,,
0.8619787162302701,0.6252891274535534,0.8622696411251213,0.7169864559819413,0.2574183344841003,0.8448108632395732,0.7282731376975169,0.8325145687645688,2087,0.3833253473885961,0.8775,0.5827505827505828,0.449393630027771,0.76125,0.7474747474747475,0.8395544788987412,2488,0.0928456591639871,0.7316017316017316,0.8112538768276473,0.1191988140344619,0.8051948051948052,0.744793974302171,0.8363430488550214,0.1458982683982683,0.0439448051948052,3,0,8,0.8619787162302701,0.840609197717603,8,15247,3050,4575,0.864445967337591,0.8560967239065274,0.8610744680152299,0.8605251864875102,0.8603949134395807,0.8519288074214036,0.8314953703805068,0.8334125189114865,300,0.46,0.180511521688483,0.1166582961309523,0.3433417038690476,0.0638532255575306,1.0,13131.853400930886,0.7458915395720254,1.0,0.5,0.0,,,,,,,,,,,,,,,,,,,,,,,,,
0.8554428104933266,0.6210975050052646,0.7980582524271844,0.766647855530474,0.3115040063858032,0.8048543689320389,0.7570541760722348,0.8117367205901788,2087,0.3828461907043603,0.8610763454317898,0.5954968944099379,0.4609352648258209,0.7146433041301627,0.7523291925465838,0.8330282306346136,2487,0.0928829915560916,0.6103896103896104,0.849290780141844,0.1924027204513549,0.7229437229437229,0.7850177304964538,0.823313455500653,0.2506867350421794,0.0083004188135601,4,0,8,0.8590918056499156,0.856463762973695,2,15248,3050,4574,0.8554214425036709,0.8577239803633653,0.8547612264130269,0.8506674757281554,0.8566648951324815,0.8385777137346863,0.8405424729886694,0.8429973262618072,300,0.4433333333333333,0.1906629819817965,0.1205757068452381,0.3227576264880952,0.0700872751365584,1.0,13131.56158957137,0.772230066879638,1.0,0.5,2.0,,,,,,,,,,,,,,,,,,,,,,,,,
0.8648665296223507,0.6707637135320755,0.8419010669253152,0.7265029635901779,0.5907567739486694,0.7623666343355965,0.7967823878069432,0.8178292540792542,2087,0.3833253473885961,0.83875,0.6091686091686092,0.8117644190788269,0.645,0.8073038073038074,0.8235239937367598,2487,0.0928829915560916,0.4978354978354978,0.9038120567375888,0.2335121929645538,0.7705627705627706,0.7149822695035462,0.8209256287028257,0.3409145021645021,0.1255627705627705,0,0,8,0.8597428352185823,0.8860310672602427,6,15248,3050,4574,0.8635033411053832,0.8598219518932293,0.8637044179134389,0.8625212266752955,0.8621073013740294,0.8604214865557774,0.8532911304732519,0.8546677332360938,300,0.5266666666666666,0.1706676623132621,0.1128446534863945,0.413822013180272,0.0578230088268676,0.0,15248.0,0.8075988431651007,0.0,0.7061682699111852,0.0,,,,,,,,,,,,,,,,,,,,,,,,,
0.8396833361941266,0.6086875316221123,0.8166828322017459,0.7075924357888794,0.2504419088363647,0.6905916585838991,0.8097657352526108,0.8062762237762237,2087,0.3833253473885961,0.71375,0.7264957264957265,0.266445904970169,0.7025,0.7350427350427351,0.8188649412053668,2487,0.0928829915560916,0.6103896103896104,0.8572695035460993,0.1303194910287857,0.683982683982684,0.8062943262411347,0.8131210292520171,0.1033603896103896,0.0185173160173159,0,0,8,0.8420838018053386,0.8646343649457522,6,15248,3050,4574,0.8423390831171312,0.8380971700595126,0.8418033345625163,0.8363037675141458,0.8397498599032587,0.8388530217505153,0.8087324276801048,0.8132402986941916,300,0.35,0.1695541213868,0.1128675455729166,0.2371324544270833,0.0566865758138833,1.0,13133.289481908185,0.705444641797144,1.0,0.5000000000000001,0.0,,,,,,,,,,,,,,,,,,,,,,,,,
0.8867007639036374,0.7079343827257146,0.8874878758486906,0.718961625282167,0.4748177528381347,0.8448108632395732,0.7542325056433409,0.8420286430298947,2086,0.3830297219558964,0.8936170212765957,0.5485625485625486,0.6818863749504089,0.7897371714643304,0.7272727272727273,0.8700250561471591,2489,0.0932101245480112,0.6767241379310345,0.8715108551174124,0.1902447342872619,0.8620689655172413,0.7199822773593265,0.8572599156525987,0.2168928833455612,0.0723317940529109,1,0,8,0.8824177637700801,0.8849731947699034,7,15247,3050,4575,0.8866077117265447,0.8853520547015433,0.888112146483832,0.8869104049849694,0.8838287358259639,0.8856246428438498,0.8764778875185283,0.876762517707282,300,0.53,0.1991120759909843,0.1107017963435374,0.4192982036564626,0.0884102796474469,0.0,15247.0,0.8108954567883923,0.0,0.7062811681900478,0.0,,,,,,,,,,,,,,,,,,,,,,,,,
0.8807416052143637,0.7036566078858821,0.8195926285160039,0.781541066892464,0.5006821155548096,0.8128031037827352,0.7849280270956817,0.8381361693861692,2087,0.3833253473885961,0.8975,0.5648795648795649,0.7440778017044067,0.74375,0.77000777000777,0.8444379202357927,2487,0.0928829915560916,0.5194805194805194,0.9104609929078016,0.166255846619606,0.8051948051948052,0.7309397163120568,0.8415625914156869,0.3780194805194805,0.0614448051948052,2,0,8,0.8757925697670821,0.8825149487396983,7,15248,3050,4574,0.8803646375292822,0.8784184768370195,0.8781422528760554,0.8800930674903561,0.8787940757215018,0.8760781015721222,0.8549930971385771,0.8589836984061412,300,0.4933333333333333,0.1933918485012706,0.1226302747661564,0.3707030585671769,0.0707615737351141,0.0,15248.0,0.8279081891865491,0.0,0.7061682699111852,0.0,,,,,,,,,,,,,,,,,,,,,,,,,
0.8870135834283925,0.7100278122211028,0.8244422890397672,0.7920428893905191,0.402269959449768,0.8448108632395732,0.7649548532731377,0.8438412975912977,2087,0.3833253473885961,0.90375,0.5532245532245532,0.6767557263374329,0.7125,0.8065268065268065,0.8651314716888487,2488,0.0928456591639871,0.6406926406926406,0.8856889676561808,0.1601371020078659,0.8268398268398268,0.7642888790429774,0.8554194294283921,0.2630573593073594,0.1143398268398268,3,0,8,0.8852111080215356,0.8629489934895136,7,15247,3050,4575,0.8879484841252986,0.889053889252583,0.8896674862556462,0.8857012740485142,0.8868575841903256,0.8839209669544351,0.8727511478259729,0.87405114147653,300,0.59,0.1921850862585521,0.1166582961309523,0.4733417038690476,0.0755267901275997,0.0,15247.0,0.8099323325994481,0.0,0.7061952246721723,0.0,,,,,,,,,,,,,,,,,,,,,,,,,
0.8814805277345548,0.6847340916078568,0.8805825242718447,0.7209367945823928,0.4448237717151642,0.8,0.7869638826185101,0.8228696196332372,2087,0.3828461907043603,0.8760951188986232,0.5644409937888198,0.5134500861167908,0.8347934918648311,0.6288819875776398,0.8713809830831107,2487,0.0928829915560916,0.5367965367965368,0.9140070921985816,0.1621273159980774,0.8138528138528138,0.7734929078014184,0.8492464803459253,0.3392985821020864,0.0209406780120172,4,0,8,0.8775132043218128,0.8794823889154795,7,15248,3050,4574,0.8819426789980056,0.8831242192465317,0.8798223169475552,0.880347065462754,0.8767686120668873,0.8780558964693508,0.8542456551754366,0.8589493523855444,300,0.5533333333333333,0.2052678508759162,0.1205757068452381,0.4327576264880952,0.0846921440306781,0.0,15248.0,0.8264518380099758,0.0,0.706227867794694,0.0,,,,,,,,,,,,,,,,,,,,,,,,,
0.8621612321176466,0.6797575994527596,0.8166828322017459,0.7488004515946938,0.4537869691848755,0.7807953443258971,0.7784363533728479,0.8182206682206682,2087,0.3833253473885961,0.8575,0.574980574980575,0.6604812145233154,0.71625,0.7505827505827506,0.81564505234718,2487,0.0928829915560916,0.5151515151515151,0.8945035460992907,0.2566677331924438,0.6233766233766234,0.8235815602836879,0.8168202404381223,0.3423484848484849,0.0928733766233766,0,0,8,0.8621612321176466,0.8908623422351254,8,15248,3050,4574,0.860062860798728,0.8558390159090219,0.8626783649841094,0.8571749652940607,0.8633603014427433,0.8556276730964706,0.8413193266705595,0.8434144128680396,300,0.4966666666666666,0.1693206613653213,0.1128446534863945,0.3838220131802721,0.0564760078789267,0.0,15248.0,0.8128032900936331,0.0,0.7061682699111852,0.0,directml:1 Radeon RX 5500 XT,1.0,,,,,,,,,,,,,,,,,,,,,,,
0.8893699929718238,0.7181265332608897,0.8215324927255092,0.797686230248307,0.4758259654045105,0.8467507274490785,0.7632618510158014,0.843941484742486,2086,0.3830297219558964,0.8986232790988736,0.5563325563325563,0.5583319067955017,0.8635794743429287,0.6332556332556333,0.874152063312606,2489,0.0932101245480112,0.6681034482758621,0.8812583074878156,0.3193888366222381,0.7801724137931034,0.8059370846256092,0.8603773601656617,0.2305198308230115,0.0834070605498252,1,0,8,0.8852579077929555,0.8864691432172184,7,15247,3050,4575,0.888372692579691,0.8880445468140029,0.8892887091583046,0.8890445840348737,0.8863033763708775,0.8878877265273146,0.8713534493894683,0.8737740375668059,300,0.57,0.2094031265379756,0.1107017963435374,0.4592982036564625,0.0987013301944382,0.0,15247.0,0.8151795031407609,0.0,0.7062811681900478,0.0,directml:1 Radeon RX 5500 XT,1.0,,,,,,,,,,,,,,,,,,,,,,,
0.8807168299235142,0.6946327089218328,0.8089233753637245,0.7919841941857183,0.3747815489768982,0.8612997090203686,0.7115438893593,0.8347940947940948,2087,0.3833253473885961,0.94,0.4491064491064491,0.7113150358200073,0.75,0.7435897435897436,0.8522573761935464,2487,0.0928829915560916,0.5887445887445888,0.8612588652482269,0.199104830622673,0.8051948051948052,0.7588652482269503,0.8442893245362102,0.3512554112554111,0.0551948051948052,2,0,8,0.8759529931973348,0.8838602891126605,7,15248,3050,4574,0.8806838418290679,0.8776765869121308,0.878969282198228,0.8780822994098006,0.8793106610677246,0.8779473356706973,0.8612490633981897,0.8636526772507805,300,0.53,0.194167357684834,0.1226302747661564,0.4073697252338435,0.0715370829186775,0.0,15248.0,0.835549168084196,0.0,0.7061682699111852,0.0,directml:1 Radeon RX 5500 XT,1.0,,,,,,,,,,,,,,,,,,,,,,,
0.8862286609463297,0.7076194341706572,0.7914645974781765,0.8213882618510158,0.4552310407161712,0.8176527643064986,0.7940180586907449,0.8456721056721056,2087,0.3833253473885961,0.885,0.6037296037296037,0.6603428721427917,0.73625,0.7785547785547785,0.8620645341956817,2488,0.0928456591639871,0.5844155844155844,0.902525476295968,0.1271514743566513,0.8441558441558441,0.7058041648205583,0.8545867203533423,0.3005844155844156,0.1079058441558441,3,0,8,0.8840329032498199,0.8651949234344865,7,15247,3050,4575,0.8869829309465267,0.886345523533443,0.8867043217809969,0.884713826239838,0.8863548287511521,0.8841297869871456,0.872681906058901,0.872008646189349,300,0.53,0.1770386028977236,0.1166582961309523,0.4133417038690476,0.0603803067667712,0.0,15247.0,0.8139248555981987,0.0,0.7061952246721723,0.0,directml:1 Radeon RX 5500 XT,1.0,,,,,,,,,,,,,,,,,,,,,,,
0.8785596879177716,0.6794261733182146,0.8203883495145631,0.7816027088036117,0.444837749004364,0.8242718446601942,0.774548532731377,0.8220407496948826,2087,0.3828461907043603,0.8898623279098874,0.547360248447205,0.5253134369850159,0.8410513141426783,0.6156832298136646,0.8598907003162322,2487,0.0928829915560916,0.5974025974025974,0.9042553191489362,0.2962711751461029,0.70995670995671,0.8444148936170213,0.8426207294052666,0.29245973050729,0.1310946041859683,4,0,8,0.8719198590808477,0.8794238690732491,7,15248,3050,4574,0.8798206732560434,0.8785876306734751,0.8768069648688335,0.8763571412917224,0.8755589920883649,0.8757766442394092,0.8542642836792391,0.8579812180849898,300,0.6033333333333334,0.2060921588000201,0.1205757068452381,0.4827576264880953,0.085516451954782,0.0,15248.0,0.8223606067314291,0.0,0.706227867794694,0.0,directml:1 Radeon RX 5500 XT,1.0,,,,,,,,,,,,,,,,,,,,,,,
0.8355052092444412,0.5930351080520057,0.7788554801163918,0.7440022579734689,0.2453811019659042,0.8089233753637245,0.7058989556872707,0.8099834887334888,2087,0.3833253473885961,0.84375,0.578088578088578,0.490578293800354,0.68875,0.763014763014763,0.8078121641951429,2487,0.0928829915560916,0.6883116883116883,0.7788120567375887,0.1865384727716446,0.7142857142857143,0.7544326241134752,0.8088028844206627,0.1554383116883116,0.0255357142857143,0,0,8,0.8359878483357984,0.8658762175977174,6,15248,3050,4574,0.8370779611331807,0.8276718371740509,0.8368573104765533,0.8375044793999615,0.8367876385260428,0.8282683604752805,0.8064023184197033,0.8108405174832795,300,0.43,0.1675077098171118,0.1128446534863945,0.3171553465136054,0.0546630563307173,1.0,13133.289481908185,0.717369998163907,1.0,0.5000000000000001,2.0,directml:1 Radeon RX 5500 XT,1.0,_p5ref,predictions_p5_ref,checkpoints\rsna_f0_s0_p5ref.pth,0.0,0.0,,,0.0,,,,,,,,,,,,,,,
0.862472713817482,0.6328658836834494,0.8341416100872939,0.7302483069977427,0.2489583939313888,0.8419010669253152,0.71755079006772,0.8185824744022492,2086,0.3830297219558964,0.8773466833541927,0.5516705516705517,0.6158729791641235,0.7121401752190237,0.7785547785547785,0.8547736543779505,2489,0.0932101245480112,0.7198275862068966,0.8121400088613203,0.0608646608889102,0.875,0.6902968542312805,0.838272058437117,0.1575190971472961,0.1628598247809762,1,0,8,0.862472713817482,0.861348162771006,8,15247,3050,4575,0.8645059038869536,0.864445967337591,0.8602900928989148,0.8613722349819259,0.8593855710010005,0.8550723289098883,0.8045148916325293,0.811814561242564,300,0.28,0.1744528890781293,0.1107017963435374,0.1692982036564626,0.0637510927345919,1.0,13129.629871930249,0.7698954980052211,1.0,0.5,0.0,directml:1 Radeon RX 5500 XT,1.0,_p5ref,predictions_p5_ref,checkpoints\rsna_f1_s0_p5ref.pth,0.0,0.0,,,0.0,,,,,,,,,,,,,,,
0.8566901361217444,0.6266165707999224,0.8399612027158099,0.7126728760937059,0.2313840836286544,0.8060135790494666,0.738075077617838,0.8128894716394717,2087,0.3833253473885961,0.84,0.6006216006216006,0.3492647707462311,0.745,0.7319347319347319,0.8490355684504621,2487,0.0928829915560916,0.6883116883116883,0.8164893617021277,0.1179585754871368,0.8398268398268398,0.6923758865248227,0.8325430227476774,0.1516883116883116,0.0948268398268398,2,0,8,0.8516877174510853,0.8543170087613443,3,15248,3050,4574,0.8569220109432871,0.8543971213575875,0.8511128211993266,0.8505918556911855,0.8589820558454219,0.8480839392329188,0.8522806818707562,0.8530424194043362,300,0.4566666666666666,0.2197953583190186,0.1226302747661564,0.3340363919005102,0.0971650835528621,1.0,13133.289481908185,0.7373327406972413,1.0,0.5000000000000001,29.0,directml:1 Radeon RX 5500 XT,1.0,_p5ref,predictions_p5_ref,checkpoints\rsna_f2_s0_p5ref.pth,0.0,0.0,,,0.0,,,,,,,,,,,,,,,
0.8671392804986721,0.648433629823707,0.8428709990300679,0.7392776523702032,0.4567612111568451,0.8302618816682832,0.7420993227990971,0.8398154623154622,2087,0.3833253473885961,0.86625,0.6208236208236209,0.6405235528945923,0.71625,0.7816627816627817,0.8455655996639603,2488,0.0928456591639871,0.7056277056277056,0.8112538768276473,0.2843390703201294,0.8008658008658008,0.7190961453256535,0.8429425315445471,0.1606222943722943,0.0846158008658007,3,0,8,0.8618588431315451,0.8371673069969402,2,15247,3050,4575,0.8686694414460966,0.8693561117764644,0.8673554899689753,0.8629620587958391,0.8705937057317953,0.8683183063190092,0.8652886369060261,0.8654369730236264,300,0.49,0.1924889074417687,0.1166582961309523,0.3733417038690476,0.0758306113108163,1.0,13131.853400930886,0.7183460004283136,1.0,0.5,1.0,directml:1 Radeon RX 5500 XT,1.0,_p5ref,predictions_p5_ref,checkpoints\rsna_f3_s0_p5ref.pth,0.0,0.0,,,0.0,,,,,,,,,,,,,,,
0.8515779438514979,0.6095123517137472,0.829126213592233,0.7206546275395034,0.3351550102233886,0.7961165048543689,0.7516930022573364,0.8110079369398083,2087,0.3828461907043603,0.8485607008760951,0.5908385093167702,0.4297147095203399,0.7634543178973717,0.7010869565217391,0.8289813023855577,2487,0.0928829915560916,0.6147186147186147,0.8435283687943262,0.1364168226718902,0.8311688311688312,0.6950354609929078,0.8207805123363057,0.2338420861574804,0.0677145132714595,4,0,8,0.8603401893532621,0.8546829117748698,2,15248,3050,4574,0.8513968638365952,0.8528822130662518,0.8511316816059962,0.8504229766157487,0.8496707138004339,0.8336869096407986,0.841268710688378,0.8434315347695545,300,0.47,0.1796382764050586,0.1205757068452381,0.3494242931547618,0.0590625695598205,1.0,13131.56158957137,0.7601012567699907,1.0,0.5,0.0,directml:1 Radeon RX 5500 XT,1.0,_p5ref,predictions_p5_ref,checkpoints\rsna_f4_s0_p5ref.pth,0.0,0.0,,,0.0,,,,,,,,,,,,,,,
0.8467583927324352,0.6194706726773819,0.8166828322017459,0.7222692633361558,0.4107996523380279,0.7652764306498545,0.7575500987863393,0.8127816627816628,2087,0.3833253473885961,0.7875,0.6658896658896659,0.4136388003826141,0.785,0.6674436674436675,0.8281542629946885,2487,0.0928829915560916,0.6883116883116883,0.8098404255319149,0.1726331412792205,0.7748917748917749,0.725177304964539,0.8211401360500921,0.0991883116883116,0.0101082251082251,0,0,8,0.8395079928373402,0.8706532847187443,5,15248,3050,4574,0.8463994932152661,0.8455122366667187,0.8511508738559908,0.8471567137068681,0.8494552036734229,0.8438625581842916,0.8399106939736911,0.8410717106421235,300,0.52,0.1794838636731864,0.1128446534863945,0.4071553465136054,0.0666392101867918,1.0,13133.289481908185,0.7418191269252725,1.0,0.5000000000000001,8.0,directml:1 Radeon RX 5500 XT,1.0,_p5head_ex,predictions_p5_head_ex,checkpoints\rsna_f0_s0_p5head_ex.pth,1.0,14.0,exclude,0.9688435196876526,1.0,7.419885242461606,0.118766464293003,,,,,,,,,,,,,
0.8560354189427959,0.6350541015486773,0.8098933074684772,0.7454853273137697,0.5775899291038513,0.8709990300678953,0.666196388261851,0.8280776378398406,2086,0.3830297219558964,0.8798498122653317,0.574980574980575,0.7220996618270874,0.7672090112640801,0.7404817404817405,0.8557476357080653,2489,0.0932101245480112,0.8405172413793104,0.7182100132919805,0.5610434412956238,0.853448275862069,0.7071333628710678,0.843131326297548,0.0393325708860212,0.0862392645979888,1,0,8,0.849767533766993,0.8545280901088946,5,15247,3050,4575,0.8579221886747838,0.8607468696152895,0.8586838481125734,0.854514015847333,0.8609978368105655,0.8362985048157239,0.8441140666428746,0.8436282795418768,300,0.5766666666666667,0.2362279316973217,0.1107017963435374,0.4659648703231293,0.1255261353537843,1.0,13129.629871930249,0.6863921292035868,1.0,0.5,1.0,directml:1 Radeon RX 5500 XT,1.0,_p5head_ex,predictions_p5_head_ex,checkpoints\rsna_f1_s0_p5head_ex.pth,1.0,14.0,exclude,75052408.0,1.0,7.509885570471884,0.1175103932619094,,,,,,,,,,,,,
0.8712262509673998,0.6484525534707135,0.8419010669253152,0.7445667513406717,0.2808608114719391,0.8729388942774006,0.7058989556872707,0.841633644133644,2087,0.3833253473885961,0.9075,0.5516705516705517,0.4781036674976349,0.78,0.7397047397047397,0.8532475208007122,2487,0.0928829915560916,0.7532467532467533,0.7938829787234043,0.208252727985382,0.7792207792207793,0.7593085106382979,0.8479484039217942,0.1542532467532467,0.0007792207792207,2,0,8,0.8685970587760239,0.8638843869676928,6,15248,3050,4574,0.872794896454341,0.8674343995468722,0.8687317487550074,0.8668493741706781,0.8682009278825503,0.8568601411561929,0.8356524921889394,0.838470578863036,300,0.6766666666666666,0.2425448883157999,0.1226302747661564,0.5540363919005101,0.1199146135496434,1.0,13133.289481908185,0.7546756309618834,1.0,0.5000000000000001,14.0,directml:1 Radeon RX 5500 XT,1.0,_p5head_ex,predictions_p5_head_ex,checkpoints\rsna_f2_s0_p5head_ex.pth,1.0,14.0,exclude,1.2686820030212402,1.0,7.495507501865188,0.1177092716097831,,,,,,,,,,,,,
0.8582377450282769,0.60752119509359,0.8690591658583899,0.7150112866817155,0.3096310794353485,0.8195926285160039,0.7542325056433409,0.8248358585858585,2087,0.3833253473885961,0.84125,0.6247086247086248,0.4187844693660736,0.76,0.7163947163947164,0.8539454932897554,2488,0.0928456591639871,0.7445887445887446,0.8280903854674346,0.3119308352470398,0.7445887445887446,0.8280903854674346,0.8406664096554313,0.0966612554112554,0.0154112554112554,3,0,8,0.8582377450282769,0.8399500794945857,8,15247,3050,4575,0.8603486610339083,0.8585604171364889,0.8614269715566863,0.8618287380154269,0.8596934642340271,0.8445374540486456,0.8114951733288376,0.8174778809501395,300,0.6,0.2177572975223717,0.1166582961309523,0.4833417038690476,0.1010990013914193,1.0,13131.853400930886,0.7229336175405242,1.0,0.5,4.0,directml:1 Radeon RX 5500 XT,1.0,_p5head_ex,predictions_p5_head_ex,checkpoints\rsna_f3_s0_p5head_ex.pth,1.0,14.0,exclude,0.947304904460907,1.0,7.57730002321061,0.1165868043899536,,,,,,,,,,,,,
0.8600566525674462,0.6450282322570858,0.816504854368932,0.751410835214447,0.4942253828048706,0.8339805825242719,0.7198081264108352,0.8161735554536338,2087,0.3828461907043603,0.8685857321652065,0.5822981366459627,0.6491888761520386,0.7684605757196495,0.6855590062111802,0.8446240520708607,2487,0.0928829915560916,0.7142857142857143,0.7983156028368794,0.32330983877182,0.8311688311688312,0.6963652482269503,0.8316428132339231,0.1543000178794922,0.0627082554491816,4,0,8,0.861932104582612,0.8635483598736218,2,15248,3050,4574,0.8597110664270531,0.8591813868373183,0.8592409706546275,0.8586547206820225,0.8557285388678252,0.8477349930964956,0.8498186460365119,0.8520209187139758,300,0.6566666666666666,0.2199095917187954,0.1205757068452381,0.5360909598214285,0.0993338848735573,1.0,13131.56158957137,0.7382147589121313,1.0,0.5,2.0,directml:1 Radeon RX 5500 XT,1.0,_p5head_ex,predictions_p5_head_ex,checkpoints\rsna_f4_s0_p5head_ex.pth,1.0,14.0,exclude,1.179539442062378,1.0,7.533505320306558,0.1171851381659507,,,,,,,,,,,,,
0.8489350594456412,0.6164366543608627,0.8370514064015518,0.7098504092576913,0.2810707688331604,0.8322017458777885,0.7109793959920971,0.8087237762237761,2087,0.3833253473885961,0.8625,0.5835275835275835,0.6322951316833496,0.6475,0.7871017871017871,0.8335290595928895,2487,0.0928829915560916,0.7272727272727273,0.7836879432624113,0.1418725848197937,0.7922077922077922,0.7096631205673759,0.8222110389563919,0.1352272727272727,0.1447077922077922,0,0,8,0.8448075781181346,0.8722887603095023,5,15248,3050,4574,0.8497196559492317,0.8470866311161775,0.8512458686175908,0.8504897431664683,0.8477696626152906,0.8453915084538494,0.8351356330825964,0.8369895366144579,300,0.6166666666666667,0.1879500920280164,0.1128446534863945,0.5038220131802722,0.0751054385416218,1.0,13133.289481908185,0.7389764581285068,1.0,0.5000000000000001,21.0,directml:1 Radeon RX 5500 XT,1.0,_p5head_em,predictions_p5_head_em,checkpoints\rsna_f0_s0_p5head_em.pth,1.0,14.0,empty,0.9562496542930604,1.0,36.36507664744791,0.0267629586160182,,,,,,,,,,,,,
0.8725105805799012,0.6414316866869839,0.8089233753637245,0.7951467268623025,0.2737749516963959,0.8564500484966052,0.7387133182844243,0.8357552612871761,2086,0.3830297219558964,0.899874843554443,0.5664335664335665,0.5345010161399841,0.7622027534418022,0.7521367521367521,0.8634841030968787,2489,0.0932101245480112,0.7068965517241379,0.8369517058041648,0.057740569114685,0.8663793103448276,0.6964997784669916,0.8508409634214602,0.1929782918303051,0.1041765569030254,1,0,8,0.8725105805799012,0.8668316661087371,8,15247,3050,4575,0.8703348017331789,0.8766046026890983,0.8701998760763948,0.8688326932803192,0.8726333273488012,0.8548932034689851,0.8115837097385123,0.8226674556031641,300,0.5466666666666666,0.1964001509401866,0.1107017963435374,0.4359648703231292,0.0856983545966491,1.0,13129.629871930249,0.7724814687982829,1.0,0.5,5.0,directml:1 Radeon RX 5500 XT,1.0,_p5head_em,predictions_p5_head_em,checkpoints\rsna_f1_s0_p5head_em.pth,1.0,14.0,empty,1.0711522102355957,1.0,36.77299304887207,0.0264739412814378,,,,,,,,,,,,,
0.8695103225359603,0.6625098406771154,0.8108632395732299,0.7521874117979114,0.2671872079372406,0.8292919495635306,0.7245272368049676,0.83615675990676,2087,0.3833253473885961,0.87375,0.5773115773115773,0.4670237600803375,0.79125,0.714063714063714,0.8442076540480796,2487,0.0928829915560916,0.6753246753246753,0.8085106382978723,0.0738195404410362,0.9004329004329005,0.6524822695035462,0.8405342355800135,0.1984253246753247,0.1091829004329004,2,0,8,0.8652714208396607,0.8672443499092326,3,15248,3050,4574,0.8708438080799203,0.8695628844789786,0.8721792099447198,0.8706691491234337,0.8673221578977194,0.8698172076303515,0.8621357724264974,0.8627457099736013,300,0.6533333333333333,0.2314980275804797,0.1226302747661564,0.5307030585671768,0.1088677528143233,1.0,13133.289481908185,0.7523626932882805,1.0,0.5000000000000001,34.0,directml:1 Radeon RX 5500 XT,1.0,_p5head_em,predictions_p5_head_em,checkpoints\rsna_f2_s0_p5head_em.pth,1.0,14.0,empty,1.2569411993026731,1.0,36.70067176700804,0.0265247263014316,,,,,,,,,,,,,
0.8703933698681723,0.670048513119911,0.7885548011639185,0.7971218961625283,0.3967874050140381,0.8913676042677012,0.6760722347629797,0.8435246697746699,2087,0.3833253473885961,0.9175,0.5337995337995338,0.6161571145057678,0.7225,0.7987567987567987,0.8530900498113613,2488,0.0928456591639871,0.8008658008658008,0.7571998227735932,0.4013108909130096,0.7965367965367965,0.7580859548072663,0.8487265638798694,0.1166341991341991,0.0740367965367965,3,0,8,0.8573020232827494,0.8387371787645661,2,15247,3050,4575,0.871989488388183,0.8717212791718575,0.8686412521100949,0.8685583261993332,0.8732380296584656,0.8633738146794735,0.8639585381393506,0.8641900738505868,300,0.6533333333333333,0.2271709860444389,0.1166582961309523,0.536675037202381,0.1105126899134865,1.0,13131.853400930886,0.7224636087431459,1.0,0.5,2.0,directml:1 Radeon RX 5500 XT,1.0,_p5head_em,predictions_p5_head_em,checkpoints\rsna_f3_s0_p5head_em.pth,1.0,14.0,empty,0.7082276344299316,1.0,37.06114784859562,0.0262735113501548,,,,,,,,,,,,,
0.8590227706064125,0.6417065691158446,0.8077669902912621,0.7579006772009029,0.3666199147701263,0.8339805825242719,0.7257336343115124,0.81609387510786,2087,0.3828461907043603,0.8748435544430538,0.5667701863354038,0.4519113302230835,0.818523153942428,0.6529503105590062,0.8431887261674496,2487,0.0928829915560916,0.6926406926406926,0.8164893617021277,0.3390857279300689,0.7012987012987013,0.8027482269503546,0.8308260339590186,0.1822028618023612,0.1172244526437267,4,0,8,0.8587940235376624,0.8617139168192802,2,15248,3050,4574,0.8594623211115737,0.8622655000109579,0.8606746805759494,0.8590961888272809,0.8613740713142958,0.8444037782988889,0.8490891209537794,0.8521083083126958,300,0.6566666666666666,0.2211678736316389,0.1205757068452381,0.5360909598214285,0.1005921667864008,1.0,13131.56158957137,0.7413744571917719,1.0,0.5,16.0,directml:1 Radeon RX 5500 XT,1.0,_p5head_em,predictions_p5_head_em,checkpoints\rsna_f4_s0_p5head_em.pth,1.0,14.0,empty,0.8443089127540588,1.0,36.85827418406733,0.0264143049716949,,,,,,,,,,,,,
0.8671870381601504,0.6370596913172213,0.8176527643064986,0.7753950338600452,0.2542775869369507,0.8574199806013579,0.7302483069977427,0.8310796420934093,2086,0.3830297219558964,0.8948685857321652,0.5571095571095571,0.4401464164257049,0.785982478097622,0.7000777000777001,0.8523262875651231,2489,0.0932101245480112,0.728448275862069,0.8289765175011077,0.0685629025101661,0.8275862068965517,0.7128932210899424,0.8426387460451242,0.1664203098700962,0.0416037287989297,1,0,8,0.8671870381601504,0.8705909211744087,8,15247,3050,4575,0.8694869321901417,0.8696574366205202,0.8675273628137227,0.8634358038503896,0.8688131249548423,0.855890640702555,0.8183599608524017,0.8253082216524752,300,0.55,0.200095404311913,0.1107017963435374,0.4392982036564626,0.0893936079683756,1.0,13129.629871930249,0.7758746345858498,1.0,0.5,2.0,directml:1 Radeon RX 5500 XT,1.0,_p5head_ex,predictions_p5_head_ex,checkpoints\rsna_f1_s0_p5head_ex.pth,1.0,14.0,exclude,0.6182933449745178,1.0,7.509885570471884,0.1175103932619094,2.0,,,,,,,,,,,,
0.8548321261880848,0.6464151774724342,0.8176527643064986,0.7304544171605983,0.3799321949481964,0.8157129000969933,0.7310189105278013,0.8144201631701632,2087,0.3833253473885961,0.84875,0.5982905982905983,0.6694114804267883,0.6575,0.7731157731157731,0.8285898498664457,2487,0.0928829915560916,0.7012987012987013,0.8067375886524822,0.2590455412864685,0.7619047619047619,0.7553191489361702,0.8221245818001707,0.1474512987012987,0.1044047619047618,0,0,8,0.8369706471661859,0.8747355057130766,5,15248,3050,4574,0.8548614185209122,0.852055240412031,0.8569403528713193,0.8536563264731784,0.8549471054384364,0.8442474649128497,0.8419714232761257,0.84281816332693,300,0.5733333333333334,0.2136125951605836,0.1128446534863945,0.4604886798469388,0.1007679416741891,1.0,13133.289481908185,0.7511885956470532,1.0,0.5000000000000001,21.0,directml:1 Radeon RX 5500 XT,1.0,_p6aug,predictions_p6_aug,checkpoints\rsna_f0_s0_p6aug.pth,1.0,14.0,exclude,1.0075548887252808,1.0,7.419885242461606,0.118766464293003,1.0,0.08,0.75,1.0,7.0,,,,,,,,
0.8647374395981898,0.6297206346335534,0.8322017458777885,0.7471783295711061,0.3506829142570495,0.8370514064015518,0.7401241534988713,0.8282468470203137,2086,0.3830297219558964,0.8635794743429287,0.6114996114996115,0.4488278031349182,0.8097622027534418,0.6783216783216783,0.8626170687363451,2489,0.0932101245480112,0.7456896551724138,0.8134692069118299,0.2389472872018814,0.8189655172413793,0.7678334071776695,0.8469457501571885,0.1178898191705148,0.0092033144879375,1,0,8,0.8647374395981898,0.8662199948801762,8,15247,3050,4575,0.8647572816065403,0.8658647393553783,0.8646193454381442,0.8625449660961655,0.8670839965581641,0.846570644118117,0.8289038672484799,0.8322337667740234,300,0.6833333333333333,0.2690414421586319,0.1107017963435374,0.572631536989796,0.1583396458150945,1.0,13129.629871930249,0.7388851310098086,1.0,0.5,20.0,directml:1 Radeon RX 5500 XT,1.0,_p6aug,predictions_p6_aug,checkpoints\rsna_f1_s0_p6aug.pth,1.0,14.0,exclude,0.7634629607200623,1.0,7.509885570471884,0.1175103932619094,2.0,0.08,0.75,1.0,7.0,,,,,,,,
0.8671565330251889,0.6331064904334329,0.8011639185257032,0.7756138865368332,0.3167036771774292,0.8661493695441319,0.7005362686988428,0.8403030303030302,2087,0.3833253473885961,0.90625,0.5516705516705517,0.4556894302368164,0.82125,0.6930846930846931,0.8544026895090726,2487,0.0928829915560916,0.7272727272727273,0.7854609929078015,0.2062055170536041,0.8008658008658008,0.7349290780141844,0.8479693732075837,0.1789772727272727,0.0203841991341992,2,0,8,0.8605138805962387,0.8585667813039576,6,15248,3050,4574,0.867337488464433,0.8607379532543643,0.8667951696669407,0.8613956619423881,0.8634087569839628,0.8540746319363628,0.8297552885664359,0.8311841795121758,300,0.6266666666666667,0.2558037976230359,0.1226302747661564,0.5040363919005102,0.1331735228568794,1.0,13133.289481908185,0.7579355147967322,1.0,0.5000000000000001,18.0,directml:1 Radeon RX 5500 XT,1.0,_p6aug,predictions_p6_aug,checkpoints\rsna_f2_s0_p6aug.pth,1.0,14.0,exclude,1.2888685464859009,1.0,7.495507501865188,0.1177092716097831,1.0,0.08,0.75,1.0,7.0,,,,,,,,
0.8748943584107127,0.6851147621162105,0.8137730358874878,0.7852708803611738,0.5460509061813354,0.8583899127061105,0.7243227990970654,0.845204933954934,2087,0.3833253473885961,0.89625,0.585081585081585,0.6258670091629028,0.845,0.6767676767676768,0.8460815509995836,2488,0.0928456591639871,0.7272727272727273,0.8037217545414267,0.5553353428840637,0.7229437229437229,0.8094816127603013,0.845681660338997,0.1689772727272727,0.122056277056277,3,0,8,0.8538648400706759,0.8446304348763476,2,15247,3050,4575,0.8755027554391734,0.8718749521054969,0.8719155940122566,0.8722971079383359,0.8771727683351105,0.8617277490349943,0.8710997453654541,0.8709494934677372,300,0.5666666666666667,0.2430808874273983,0.1166582961309523,0.4500083705357143,0.1264225912964459,1.0,13131.853400930886,0.7451826264873502,1.0,0.5,10.0,directml:1 Radeon RX 5500 XT,1.0,_p6aug,predictions_p6_aug,checkpoints\rsna_f3_s0_p6aug.pth,1.0,14.0,exclude,0.956735372543335,1.0,7.57730002321061,0.1165868043899536,1.0,0.08,0.75,1.0,7.0,,,,,,,,
0.8597150386815402,0.6408998682043402,0.8436893203883495,0.7215011286681715,0.2794065475463867,0.8679611650485437,0.6834085778781038,0.8227403819992383,2087,0.3828461907043603,0.8773466833541927,0.5683229813664596,0.3624555170536041,0.818523153942428,0.6669254658385093,0.8573309078628227,2487,0.0928829915560916,0.8354978354978355,0.749113475177305,0.2181300967931747,0.8874458874458875,0.6954787234042553,0.8415481296648996,0.0418488478563572,0.0689227335034594,4,0,8,0.8573423699840013,0.8576834396854467,5,15248,3050,4574,0.8608324749610993,0.854985864252997,0.859209329593022,0.8555482806986785,0.8554313046527428,0.8463066251725876,0.854656578053431,0.8555838940147713,300,0.59,0.2142297022099539,0.1205757068452381,0.4694242931547618,0.0936539953647158,1.0,13131.56158957137,0.7141568354774006,1.0,0.5,18.0,directml:1 Radeon RX 5500 XT,1.0,_p6aug,predictions_p6_aug,checkpoints\rsna_f4_s0_p6aug.pth,1.0,14.0,exclude,1.1757107973098757,1.0,7.533505320306558,0.1171851381659507,1.0,0.08,0.75,1.0,7.0,,,,,,,,
0.8559334631503821,0.6397860320692301,0.7992240543161979,0.7572678521027378,0.3262922167778015,0.8001939864209505,0.7530341518487158,0.8193337218337218,2087,0.3833253473885961,0.83,0.634032634032634,0.5792582035064697,0.70125,0.763014763014763,0.8344597187682293,2487,0.0928829915560916,0.696969696969697,0.8209219858156028,0.204331174492836,0.7359307359307359,0.7695035460992907,0.8275581106347976,0.1330303030303029,0.0346807359307358,0,0,8,0.8495373317093884,0.880373738512401,5,15248,3050,4574,0.8554535616602238,0.8503731213553973,0.8554453488566272,0.8540360317594591,0.8525997492904823,0.8449638951465889,0.843430290954993,0.8451619605933258,300,0.6,0.2785954091002349,0.1756594786352041,0.4243405213647959,0.1029359304650308,1.0,13133.289481908185,0.7391011120789294,1.0,0.5000000000000001,9.0,directml:1 Radeon RX 5500 XT,1.0,_p7fix080,predictions_p7_fix080,checkpoints\rsna_f0_s0_p7fix080.pth,1.0,14.0,exclude,1.0791550874710083,1.0,4.417278270058032,0.1845945417881012,1.0,0.03,0.93,1.07,7.0,data\rsna\crop512_fix080,data\rsna\crop512_fix080,,,,,,
0.8688528089715435,0.634396405497992,0.8535402521823472,0.7460496613995485,0.4574053883552551,0.8157129000969933,0.7711625282167043,0.8320287694505467,2086,0.3830297219558964,0.8360450563204005,0.6557886557886557,0.515084981918335,0.7909887359198998,0.7031857031857032,0.8690453455151024,2489,0.0932101245480112,0.7456896551724138,0.8369517058041648,0.4054175317287445,0.7672413793103449,0.817013735046522,0.8521674050406405,0.0903554011479866,0.0237473566095549,1,0,8,0.8733034398653041,0.8675990242797788,6,15247,3050,4575,0.871426796399647,0.8687310200927019,0.8703082544944202,0.8674299317106492,0.87033343331881,0.8528275819789679,0.8384726415652032,0.8408219353539157,300,0.5166666666666667,0.2617627014600051,0.1724746890943877,0.344191977572279,0.0892880123656173,1.0,13129.629871930249,0.7558118617410374,1.0,0.5,11.0,directml:1 Radeon RX 5500 XT,1.0,_p7fix080,predictions_p7_fix080,checkpoints\rsna_f1_s0_p7fix080.pth,1.0,14.0,exclude,0.6927666664123535,1.0,4.477354416702892,0.1825698912143707,2.0,0.03,0.93,1.07,7.0,data\rsna\crop512_fix080,data\rsna\crop512_fix080,,,,,,
0.8717606307214153,0.6518515914836455,0.8399612027158099,0.7600903189387525,0.3288713097572326,0.8380213385063046,0.7615015523567598,0.8409294871794872,2087,0.3833253473885961,0.88,0.6309246309246309,0.4107414782047272,0.82,0.7008547008547008,0.8528330416628289,2487,0.0928829915560916,0.6926406926406926,0.8359929078014184,0.1076022535562515,0.8311688311688312,0.7203014184397163,0.8474017521554538,0.1873593073593074,0.0111688311688312,2,0,8,0.8735367863792296,0.8650132039244022,6,15248,3050,4574,0.874387906591952,0.8696644494834557,0.8707504558790397,0.8670100713610505,0.8712700525865814,0.8551841817022569,0.8465886614581066,0.8501959985578316,300,0.6533333333333333,0.3017947055912615,0.1907152157738095,0.4626181175595238,0.111079489817452,1.0,13133.289481908185,0.7543461746168721,1.0,0.5000000000000001,5.0,directml:1 Radeon RX 5500 XT,1.0,_p7fix080,predictions_p7_fix080,checkpoints\rsna_f2_s0_p7fix080.pth,1.0,14.0,exclude,1.0868017673492432,1.0,4.465174254953269,0.1829767823219299,1.0,0.03,0.93,1.07,7.0,data\rsna\crop512_fix080,data\rsna\crop512_fix080,,,,,,
0.8840835345814733,0.6929426192200803,0.8360814742967992,0.7753950338600452,0.4439098536968231,0.8535402521823472,0.7522573363431151,0.8530982905982906,2087,0.3833253473885961,0.89625,0.6083916083916084,0.6753998398780823,0.7025,0.8181818181818182,0.8574228902097755,2488,0.0928456591639871,0.7056277056277056,0.8342933097031457,0.2813594937324524,0.8138528138528138,0.7474523704031901,0.8554501165727987,0.1906222943722944,0.1113528138528138,3,0,8,0.863709760407065,0.8513201768408033,2,15247,3050,4575,0.8837739992512036,0.8819638607238803,0.8829920872807526,0.8790529696781271,0.883841051555285,0.875104683699229,0.8790023383464738,0.8795365673161345,300,0.7933333333333333,0.3462214488574924,0.1927306547619047,0.6006026785714286,0.1534907940955877,1.0,13131.853400930886,0.7666793902538606,1.0,0.5,5.0,directml:1 Radeon RX 5500 XT,1.0,_p7fix080,predictions_p7_fix080,checkpoints\rsna_f3_s0_p7fix080.pth,1.0,14.0,exclude,0.9555206298828124,1.0,4.518020122901569,0.1812244206666946,1.0,0.03,0.93,1.07,7.0,data\rsna\crop512_fix080,data\rsna\crop512_fix080,,,,,,
0.8642540927918647,0.6217766936963064,0.8601941747572815,0.7192437923250564,0.2966525554656982,0.8203883495145631,0.7480248306997742,0.8233972589961054,2087,0.3828461907043603,0.8560700876095119,0.593167701863354,0.5303177833557129,0.7021276595744681,0.7631987577639752,0.8599808879064198,2487,0.0928829915560916,0.696969696969697,0.836436170212766,0.0970505028963089,0.8051948051948052,0.7588652482269503,0.8432887074219803,0.1591003906398148,0.1030671456203371,4,0,8,0.8642540927918647,0.869328272290978,8,15248,3050,4574,0.8631895285892743,0.8579384821056784,0.8624649345810778,0.8655350763768656,0.8626879287295361,0.8580086129435228,0.8510903153696114,0.8515012382476058,300,0.6233333333333333,0.285285817021504,0.1870097921981292,0.436323541135204,0.0982760248233747,1.0,13131.56158957137,0.7669809217803204,1.0,0.5,6.0,directml:1 Radeon RX 5500 XT,1.0,_p7fix080,predictions_p7_fix080,checkpoints\rsna_f4_s0_p7fix080.pth,1.0,14.0,exclude,1.344838261604309,1.0,4.491495443560939,0.1820997595787048,1.0,0.03,0.93,1.07,7.0,data\rsna\crop512_fix080,data\rsna\crop512_fix080,,,,,,
0.8493221562551587,0.6277479894324459,0.8292919495635306,0.720575783234547,0.556738018989563,0.7061105722599418,0.8012983347445668,0.8079215229215229,2087,0.3833253473885961,0.745,0.6884226884226884,0.6847397685050964,0.66875,0.7746697746697747,0.8211426575788277,2487,0.0928829915560916,0.5714285714285714,0.8656914893617021,0.2255490571260452,0.7748917748917749,0.7464539007092199,0.815110189710486,0.1735714285714286,0.1061417748917749,0,0,8,0.8500164119191871,0.8661534168503883,5,15248,3050,4574,0.8498933567452988,0.8382122861899245,0.8483849384847323,0.8470075144415308,0.8433347486731532,0.844923378648846,0.8060472515442125,0.808946097453675,300,0.3366666666666666,0.2344173354511379,0.1128814188639323,0.2237852478027343,0.1215359165872056,1.0,13133.289481908185,0.7605361006124998,1.0,0.5000000000000001,0.0,directml:1 Radeon RX 5500 XT,1.0,_p8s512,predictions_p8_s512,checkpoints\rsna_f0_s0_p8s512.pth,1.0,14.0,exclude,0.9268391132354736,1.0,7.419961304660648,0.1187653914093971,1.0,0.03,0.93,1.07,7.0,data\rsna\png512,data\rsna,512.0,512.0,,,,
0.860873037420112,0.6185945769867087,0.8506304558680893,0.720372460496614,0.2458701580762863,0.8506304558680893,0.7164221218961625,0.8153665275067026,2086,0.3830297219558964,0.8836045056320401,0.5376845376845377,0.463323026895523,0.7672090112640801,0.7148407148407149,0.854834766931997,2489,0.0932101245480112,0.7370689655172413,0.8183429330970314,0.2412410080432891,0.7370689655172413,0.8156845369960124,0.8368389751415787,0.1465355401147987,0.0301400457468388,1,0,8,0.860873037420112,0.8683885355335446,8,15247,3050,4575,0.8581884821109926,0.8504771934587603,0.8630389636833774,0.8589961202715811,0.8658507815288143,0.8576537057755845,0.7709996869067924,0.7805479350079806,300,0.26,0.2186249386922255,0.1107196426391601,0.1492803573608398,0.1079052960530653,1.0,13129.629871930249,0.7521630167945095,1.0,0.5,0.0,directml:1 Radeon RX 5500 XT,1.0,_p8s512,predictions_p8_s512,checkpoints\rsna_f1_s0_p8s512.pth,1.0,14.0,exclude,0.6115975379943848,1.0,7.510800758033369,0.1174977570772171,2.0,0.03,0.93,1.07,7.0,data\rsna\png512,data\rsna,512.0,512.0,,,,
0.8713261734111578,0.6578637461145951,0.8341416100872939,0.7567033587355348,0.2336444556713104,0.8748787584869059,0.698842788597234,0.8272804972804972,2087,0.3833253473885961,0.90875,0.5221445221445221,0.4793301820755005,0.78875,0.6977466977466977,0.8590252832274108,2487,0.0928829915560916,0.7575757575757576,0.799645390070922,0.1307768374681472,0.8008658008658008,0.7362588652482269,0.8445409438589786,0.1511742424242423,0.0121158008658008,2,0,8,0.863882088231244,0.8640282225799119,7,15248,3050,4574,0.8732275743238193,0.8622778539287178,0.8722900827932731,0.8716853466884471,0.8689343312437223,0.868199559081951,0.843901979641555,0.8464293330683336,300,0.1133333333333333,0.1789929293920674,0.122614262898763,-0.0092809295654296,0.0563786664933043,1.0,13133.289481908185,0.7640263148920625,1.0,0.5000000000000001,0.0,directml:1 Radeon RX 5500 XT,1.0,_p8s512,predictions_p8_s512,checkpoints\rsna_f2_s0_p8s512.pth,1.0,14.0,exclude,1.1021877527236938,1.0,7.495437059088404,0.1177102476358413,1.0,0.03,0.93,1.07,7.0,data\rsna\png512,data\rsna,512.0,512.0,,,,
0.8654602360678998,0.6294167043783779,0.8176527643064986,0.7838600451467269,0.2582103908061981,0.8273520853540253,0.7663656884875847,0.833347902097902,2087,0.3833253473885961,0.86,0.6285936285936286,0.5076805353164673,0.70875,0.7808857808857809,0.8404904798347421,2488,0.0928456591639871,0.7142857142857143,0.844926894107222,0.178034096956253,0.7532467532467533,0.8077093486929553,0.837232215411401,0.1457142857142856,0.0444967532467532,3,0,8,0.8654602360678998,0.8407065254552074,8,15247,3050,4575,0.8628109858495009,0.8555222635544181,0.8661917903895711,0.8649008282738493,0.8605796493793966,0.8601023464474867,0.8364219357918083,0.8377027716411996,300,0.1866666666666666,0.1631323181523794,0.1165981928507487,0.0700684738159179,0.0465341253016307,1.0,13131.853400930886,0.7278262926060423,1.0,0.5,0.0,directml:1 Radeon RX 5500 XT,1.0,_p8s512,predictions_p8_s512,checkpoints\rsna_f3_s0_p8s512.pth,1.0,14.0,exclude,0.8621711134910583,1.0,7.575950167403822,0.1166051551699638,1.0,0.03,0.93,1.07,7.0,data\rsna\png512,data\rsna,512.0,512.0,,,,
0.8608401455214885,0.6321640619340807,0.8213592233009709,0.7562076749435666,0.4825652241706848,0.7601941747572816,0.7979683972911964,0.8096679467346606,2087,0.3828461907043603,0.8035043804755945,0.656055900621118,0.5114802122116089,0.7784730913642053,0.6754658385093167,0.8549323017408124,2487,0.0928829915560916,0.6103896103896104,0.8789893617021277,0.2096812278032302,0.8398268398268398,0.7039007092198581,0.8342793264680011,0.1931147700859841,0.0613537484626345,4,0,8,0.8530509653948147,0.8632816325927186,2,15248,3050,4574,0.8612743540292358,0.8427050231212605,0.8599730982489205,0.8555573210019944,0.8498485064323128,0.8458450218063074,0.8291959335071994,0.828699675644875,300,0.4933333333333333,0.3534714562041821,0.1206126276652018,0.3727207056681315,0.2328588285389802,1.0,13131.56158957137,0.7313080245354424,1.0,0.5,0.0,directml:1 Radeon RX 5500 XT,1.0,_p8s512,predictions_p8_s512,checkpoints\rsna_f4_s0_p8s512.pth,1.0,14.0,exclude,1.1803370714187622,1.0,7.53396760356449,0.1171787902712822,1.0,0.03,0.93,1.07,7.0,data\rsna\png512,data\rsna,512.0,512.0,,,,
0.8415665320588158,0.5869252543824576,0.7914645974781765,0.7375105842506351,0.376055508852005,0.7400581959262852,0.776742873271239,0.8156750194250195,2087,0.3833253473885961,0.75625,0.7078477078477079,0.4476695656776428,0.70625,0.7482517482517482,0.8290311933928957,2487,0.0928829915560916,0.683982683982684,0.8160460992907801,0.4336304068565368,0.670995670995671,0.8302304964539007,0.8229371105177411,0.0722673160173159,0.035254329004329,0,0,8,0.8415665320588158,0.8653415310392323,8,15248,3050,4574,0.8404775143019131,0.8431020525712508,0.8458610070594521,0.8491641966659851,0.840470670298916,0.8422668104454817,0.785398620741764,0.7925074866548786,300,0.43,0.1726576431537735,0.1128446534863945,0.3171553465136054,0.059812989667379,1.0,13133.289481908185,0.7121042839150742,1.0,0.5000000000000001,2.0,directml:1 Radeon RX 5500 XT,1.0,_p9photo,predictions_p9_photo,checkpoints\rsna_f0_s0_p9photo.pth,1.0,14.0,exclude,0.9642935395240784,1.0,7.419885242461606,0.118766464293003,1.0,0.03,0.93,1.07,7.0,data\rsna\png512,data\rsna,224.0,224.0,0.6,0.6,0.6023939614825881,0.6380534865253374
0.8649525543369977,0.6268808510901394,0.8079534432589719,0.7674943566591422,0.2153270989656448,0.9059165858389912,0.6585778781038375,0.8286124944447848,2086,0.3830297219558964,0.9261576971214016,0.4848484848484848,0.4629431664943695,0.8022528160200251,0.6853146853146853,0.8680579958137901,2489,0.0932101245480112,0.8362068965517241,0.7576428887904297,0.2154475301504135,0.8318965517241379,0.7576428887904297,0.8500725715830262,0.0899508005696776,0.0296437357041128,1,0,8,0.8649525543369977,0.8612300129964752,8,15247,3050,4575,0.8697647203070502,0.86771866714251,0.8659019602262152,0.8669467445969526,0.866993133844062,0.8596663696295208,0.7838813924108834,0.7930187056770587,300,0.39,0.2064756202113638,0.1107017963435374,0.2792982036564626,0.0957738238678264,1.0,13129.629871930249,0.7296958005444474,1.0,0.5,7.0,directml:1 Radeon RX 5500 XT,1.0,_p9photo,predictions_p9_photo,checkpoints\rsna_f1_s0_p9photo.pth,1.0,14.0,exclude,0.6295861601829529,1.0,7.509885570471884,0.1175103932619094,2.0,0.03,0.93,1.07,7.0,data\rsna\png512,data\rsna,224.0,224.0,0.6,0.6,0.6023939614825881,0.6380534865253374
0.8702467372584513,0.6487704733726077,0.7914645974781765,0.7902907140841096,0.3918357491493225,0.8322017458777885,0.7473892181766865,0.8414296814296814,2087,0.3833253473885961,0.8675,0.6247086247086248,0.544346034526825,0.785,0.7397047397047397,0.8582692425777532,2487,0.0928829915560916,0.70995670995671,0.8173758865248227,0.3568476140499115,0.7186147186147186,0.8062943262411347,0.8505857786258455,0.15754329004329,0.0663852813852814,2,0,8,0.866982421588942,0.8581010865594706,7,15248,3050,4574,0.8724272366133354,0.866689772020785,0.8735532119864227,0.8717083425385175,0.8693126677294034,0.8680053262768924,0.8519992564675143,0.8526198706592938,300,0.5966666666666667,0.2032764489217273,0.1226302747661564,0.4740363919005102,0.0806461741555708,1.0,13133.289481908185,0.7534892991230489,1.0,0.5000000000000001,7.0,directml:1 Radeon RX 5500 XT,1.0,_p9photo,predictions_p9_photo,checkpoints\rsna_f2_s0_p9photo.pth,1.0,14.0,exclude,1.177597999572754,1.0,7.495507501865188,0.1177092716097831,1.0,0.03,0.93,1.07,7.0,data\rsna\png512,data\rsna,224.0,224.0,0.6,0.6,0.6023939614825881,0.6380534865253374
0.8728726630219408,0.675685624506363,0.8409311348205626,0.7511286681715575,0.485620766878128,0.8651794374393792,0.7209367945823928,0.835959595959596,2087,0.3833253473885961,0.90625,0.5656565656565656,0.631921648979187,0.77125,0.7327117327117327,0.8507884081654574,2488,0.0928456591639871,0.7229437229437229,0.8094816127603013,0.5003144145011902,0.7056277056277056,0.817013735046522,0.8440238767832426,0.1833062770562771,0.0656222943722943,3,0,8,0.8570702138886396,0.842533268530308,2,15247,3050,4575,0.8773851462451804,0.8694393113701002,0.8723994653331377,0.8731611247709274,0.8740172048001786,0.8670673019028623,0.8707018104669467,0.8711202715809895,300,0.6366666666666667,0.2377657934157954,0.1166582961309523,0.5200083705357144,0.121107497284843,1.0,13131.853400930886,0.7662820830836121,1.0,0.5,1.0,directml:1 Radeon RX 5500 XT,1.0,_p9photo,predictions_p9_photo,checkpoints\rsna_f3_s0_p9photo.pth,1.0,14.0,exclude,0.9449023008346558,1.0,7.57730002321061,0.1165868043899536,1.0,0.03,0.93,1.07,7.0,data\rsna\png512,data\rsna,224.0,224.0,0.6,0.6,0.6023939614825881,0.6380534865253374
0.8597473646146092,0.6262594031403058,0.8621359223300971,0.7076749435665914,0.33910414576530457,0.8087378640776699,0.7531038374717833,0.8148374520946216,2087,0.3828461907043603,0.8573216520650814,0.6001552795031055,0.4065399765968323,0.8122653316645807,0.6661490683229814,0.840066700439041,2487,0.09288299155609167,0.6406926406926406,0.8404255319148937,0.13705450296401978,0.8614718614718615,0.6564716312056738,0.8285552353549125,0.21662901137244073,0.0492065298072808,4,0,8,0.8577017905279538,0.865460418718711,2,15248,3050,4574,0.8600043283876483,0.8604999013785092,0.861377632645905,0.8577409651756558,0.8557121019527054,0.8578317791316927,0.8469809496153762,0.849320881456968,300,0.64,0.22940574946963654,0.1205757068452381,0.5194242931547619,0.10883004262439844,1.0,13131.56158957137,0.7448564832288416,1.0,0.5,4.0,directml:1 Radeon RX 5500 XT ,1.0,_p9photo,predictions_p9_photo,checkpoints\rsna_f4_s0_p9photo.pth,1.0,14.0,exclude,1.1514217853546143,1.0,7.533505320306558,0.11718513816595078,1.0,0.03,0.93,1.07,7.0,data\rsna\png512,data\rsna,224.0,224.0,0.6,0.6,0.6023939614825881,0.6380534865253374
