patientId,hit,mass,area,n_boxes,degenerate
9e6bd994-d868-4805-8511-08ddcbe33c14,True,0.5108347535133362,0.2471301020408163,1,False
3b84f97b-fa88-424a-891c-e57c3b92c062,False,0.10684551298618317,0.06696428571428571,1,False
854290ba-d47b-457b-949e-c86f0e7e5143,False,0.19809052348136902,0.13584183673469388,2,False
aff963a8-7c66-453f-b247-b99fac926e2f,False,0.002120622666552663,0.06859853316326531,2,False
8e2b2c4e-18b8-4a78-8817-b1e8a1a5f32e,True,0.32449430227279663,0.26933195153061223,2,False
8cf6c451-dd08-4054-a52c-743a4236a058,False,0.17292164266109467,0.05699936224489796,1,False
85727853-cb45-478d-a517-a0f0c85d0eb5,True,0.27241823077201843,0.1903698979591837,2,False
bbcafe04-651f-4c43-bd9c-c94d51900478,False,0.0015798427630215883,0.10335618622448979,2,False
b87a7ed6-a5d7-42ea-a9d5-d487a2d9108e,False,0.26668909192085266,0.21033960459183673,2,False
448c6151-2bb5-4df3-b07e-7f86f3a5737a,False,0.3537648618221283,0.22763871173469388,2,False
3a0f9e11-0dee-4e81-96e2-9ce8417270ef,False,0.0,0.043088329081632654,1,False
57c7a66f-46aa-40cc-a1fd-67511f5d67f7,True,0.14442697167396545,0.09149792729591837,2,False
b900d3e4-787b-44b3-9754-88f93db99c27,False,0.3612928092479706,0.21934789540816327,2,False
87bea6bd-4a01-4fad-8621-8e641e09dcad,True,0.38444721698760986,0.23951690051020408,2,False
fd45f813-2237-4639-b340-2e1b97737da6,True,0.11994216591119766,0.08420360331632654,2,False
6982a34e-4c06-48f9-90e0-2f86551bd9cd,False,0.0793595016002655,0.030911192602040817,1,False
8ec959f3-27f9-43dc-98d0-dfa7ddf7d9e9,True,0.6130542159080505,0.25290975765306123,1,False
4206173d-0db2-4f32-80fb-0bd99d5532e1,True,0.12683406472206116,0.049107142857142856,1,False
ab83e64b-4204-405f-a77c-02f4fa01c6e6,False,0.0,0.029336734693877552,1,False
f9ccffe6-0f7b-43d7-9962-84888673fb57,True,0.20064343512058258,0.07601243622448979,2,False
106e39b9-9ca8-4437-b7f9-f114fd3aec61,False,0.09566008299589157,0.05482700892857143,2,False
fdc8b07c-8c97-4022-ac84-347f8072f07a,True,0.1761210411787033,0.05913185586734694,1,False
0a825a59-c034-481c-b596-9c7f0bc42c2c,True,0.15386906266212463,0.07547433035714286,2,False
b2c2c9ad-7966-4c68-bb66-6dc9f9c19fda,True,0.21019569039344788,0.0979751275510204,2,False
b3016500-907e-4fbe-b100-6bedc5128ec6,True,0.20002827048301697,0.07366071428571429,1,False
33f85237-bcad-4dd9-8a03-42d061fd987f,False,0.41851747035980225,0.14198022959183673,2,False
9e9cf557-f329-43ed-8095-dc66bc667c28,True,0.25854453444480896,0.08290816326530612,1,False
91721abe-bffa-4fe6-b816-618de13464b2,False,0.5888738632202148,0.4719786352040816,2,False
ddb4f535-9e42-420a-9851-3fb6a06a0143,True,0.19411297142505646,0.11128826530612244,2,False
36949a19-b38d-400f-ace0-1abfe2ecfc3a,False,0.1336233913898468,0.06267936862244898,1,False
6f3edd10-1cc0-4f2b-874f-3d599bdf463f,True,0.6362466216087341,0.15336017219387754,1,False
b0fc321d-54ae-4ab7-9207-03c7fddb3a15,False,0.17907468974590302,0.09221540178571429,2,False
0dcc2f61-2c28-4c66-a50c-9728cdab1ed9,False,0.02822207473218441,0.009486607142857142,1,False
3b18606f-8f64-4492-9438-235228fc1ae1,False,0.0,0.10540896045918367,1,False
ac51aa90-d1ca-4247-911b-09e5b324fa30,False,0.19442534446716309,0.13823341836734693,1,False
a2960536-841e-4c2b-8bc4-a3d6f460dd9c,True,0.45569783449172974,0.1103515625,1,False
8ead702d-e231-4ef8-b53c-41c81e44235e,True,0.33660003542900085,0.21691645408163265,2,False
ff40a703-b1db-48d5-a176-0b50763f9a0a,False,0.20214688777923584,0.15702726403061223,2,False
b6962866-8206-446b-92d9-a028283c2e07,False,0.1501513570547104,0.09446747448979592,2,False
e6141d8f-fb9e-455c-8638-e081cc656aa9,True,0.08695197105407715,0.02841996173469388,1,False
b24bde0d-d372-4522-b8bb-0fbc770b80ac,False,0.10574163496494293,0.22026466836734693,2,False
0637b804-e693-48d1-8716-f7c63ce6162a,False,0.22080554068088531,0.26809630102040816,1,False
e72b1ec4-c97b-4328-99c3-54f518823c2b,True,0.264845609664917,0.12496014030612244,2,False
ba5b22cb-77dc-4ee7-b18f-8bbed5112712,True,0.30918967723846436,0.22554607780612246,2,False
b0aa124d-a986-4c75-97d1-36c8cf3a0734,False,0.014437149278819561,0.04683514030612245,1,False
bfc43f55-c88e-4ad4-90ff-a0d465862d6f,False,0.1238694116473198,0.23652742346938777,2,False
489a175a-4c5c-4b7f-8fdc-cd8514404dbe,False,0.0,0.016940369897959183,1,False
3ea67d3a-90be-4e77-a745-a9e323189097,True,0.08467371016740799,0.04583864795918367,2,False
1acc13bc-a199-49bf-8360-c20314fd85fd,False,0.33698511123657227,0.14080436862244897,2,False
3d0bca0d-9a01-4379-b8e9-3af3b021ad79,False,0.4187772572040558,0.33559869260204084,2,False
05b22cd6-c876-4360-8361-92845c6de8ba,False,0.15466997027397156,0.08968431122448979,2,False
17a5ce04-809a-42ed-9e58-100cfb33de7a,False,0.1418990194797516,0.21045918367346939,1,False
a3729a13-c791-4f7b-bd48-fbaf4f7fc0e4,True,0.23153069615364075,0.17998644770408162,2,False
b4b73865-89a8-4fd1-8494-4abd8084beca,False,0.011888801120221615,0.28220663265306123,2,False
b01ee12f-55ad-4548-84ac-a560a0a429ad,False,0.0,0.030133928571428572,1,False
ca5defaa-00b9-4904-87dd-debcc3ed3d77,False,0.3365764617919922,0.2324816645408163,2,False
ba8319df-f8e3-45cc-95a5-68f9d0624bf5,True,0.22382932901382446,0.08822943239795919,2,False
66f69589-bf3b-4083-b226-79c68e030099,False,0.08976852148771286,0.037587691326530615,1,False
99f7ad08-2189-452c-afab-6d7b1c62c049,False,0.14013396203517914,0.06816007653061225,1,False
6b1c5aa9-639f-46c5-91c9-186952430ee7,True,0.17602182924747467,0.13807397959183673,2,False
e94d8646-1703-44db-9062-c9b305e238f0,False,0.03756767138838768,0.015545280612244899,1,False
34a24f18-584c-41df-b0c6-2cc9fc5cc0e3,False,0.052442219108343124,0.02507174744897959,1,False
af8a9a3f-9487-454b-8ee6-65c9554f3a87,False,0.0,0.015027104591836735,1,False
b7b51f82-2aa9-4375-a84f-25c52eeb0b40,True,0.20351280272006989,0.12262834821428571,2,False
72dbeeca-38a3-4375-942a-9c3b098da64a,False,0.07361278682947159,0.04274952168367347,2,False
284e095a-2c52-445d-9dd5-93c45021a7b7,False,0.11668369174003601,0.09430803571428571,2,False
dcadb2f5-7f98-43ae-83d6-e9e554b170c0,False,0.008019748143851757,0.029017857142857144,1,False
8182a93c-4137-4fcb-b983-9814e7a09926,False,0.0924309715628624,0.08436304209183673,2,False
980c366b-becd-4652-8934-682a2961081f,False,0.23564273118972778,0.1211734693877551,1,False
3d824fdb-8d06-4e9b-84dd-67f121be3874,False,0.08772551268339157,0.028698979591836735,1,False
ebc03c6f-4bed-4b0b-a283-f0624a9955cd,False,0.19178128242492676,0.09442761479591837,3,False
0e91afec-c246-450b-9f10-e07a75ae0086,False,0.15671980381011963,0.03706951530612245,1,False
0409b97f-7673-42e2-9943-0656c6aaca69,False,0.0,0.00860969387755102,1,False
5860110f-acc0-4361-9c51-7da5f5c102ce,True,0.3742765784263611,0.1599170918367347,2,False
87106150-d046-41a9-ac79-f4ab113e1d22,False,0.16003534197807312,0.07124920280612244,1,False
ab9eccef-dfdf-4fba-b1f9-fccdda382eff,False,0.14775191247463226,0.08876753826530612,2,False
79255e97-c107-47ee-918c-6eba3081f3bc,False,0.0051472382619977,0.012356505102040817,1,False
9d93caf3-5af3-48a0-9a6e-23bec560da26,True,0.5085028409957886,0.2702487244897959,2,False
35a379c4-1e56-41f7-8a25-a1c2e9b88464,False,0.07563174515962601,0.054767219387755105,2,False
fd67d636-d57c-4698-876b-23e94eed5067,True,0.1541513055562973,0.07077088647959184,1,False
192f3509-9413-44f1-a585-57829f15ad38,True,0.5848081707954407,0.43068399234693877,2,False
cf4acaef-abef-4341-a4f2-e1689d804d3e,False,0.0,0.1555125956632653,2,False
8005e8b9-ab58-45e2-b902-8057864630af,False,0.0,0.017438616071428572,1,True
a458d820-3a26-4f46-ab7b-28f42a1ff4e0,False,0.0009279621299356222,0.05349170918367347,1,False
06550cfd-e9d5-415e-bae9-3146329ed9e6,True,0.3973532021045685,0.2596061862244898,2,False
75e9b334-1789-496b-9006-8adccedcd7e4,True,0.11682203412055969,0.03587372448979592,1,False
fe518d2d-28a1-42eb-918d-16f7bc6039bb,True,0.12450825423002243,0.06642617984693877,2,False
20fa542a-4930-46eb-8e1b-3e938980e6ea,False,0.00277452589944005,0.11941964285714286,2,False
eeb9b9e9-1502-49c0-b622-94f43a0b07c8,True,0.06145326793193817,0.032126913265306124,2,False
a36bcdda-c363-4ae6-a8b9-47bb0e05dc43,False,0.04217400774359703,0.07513552295918367,1,False
73d61c35-605f-435e-af98-5cc68b188a46,True,0.19373562932014465,0.11483577806122448,2,False
be9624bc-824f-4951-9f81-087d6528eeec,False,0.1191423237323761,0.21430564413265307,2,False
6a007557-7c16-4726-b91f-2da91ee8f798,False,0.0,0.045599489795918366,1,False
c18d1138-ba74-4af5-af21-bdd4d2c96bb5,False,0.10393336415290833,0.04976482780612245,2,False
6756a810-a4d0-4e64-9ea0-df78a7dd0cc8,True,0.13228628039360046,0.06945551658163265,2,False
918762a3-791d-48f5-9b3b-9c149ed72264,True,0.40550488233566284,0.1736686862244898,2,False
1caf1ab4-68ee-4b55-ba89-1c3f3bee1435,False,0.10527565330266953,0.03587372448979592,1,False
8047b765-c93a-4059-8a09-9b1e809809e7,False,0.21709024906158447,0.25306919642857145,2,False
bbe15fbc-e79c-4206-a901-5b23888f8a8b,True,0.25309985876083374,0.15238360969387754,2,False
1f5f34b6-8e8d-4e25-88fc-6ba1b5b0ac06,False,0.1433660238981247,0.05955038265306122,1,False
9a4b8ac5-0371-4bc0-a609-32ad46806f7c,False,0.011367863044142723,0.03300382653061224,1,False
b7ad09f7-fe23-4f2a-bf41-d2c6dcdc4a06,True,0.21318025887012482,0.08884725765306123,2,False
0bf44996-58da-4a12-8be1-da5c9b009975,True,0.24877409636974335,0.16890545280612246,3,False
29b0895a-a35b-4681-9706-71bf3c50f857,False,0.14605626463890076,0.0895248724489796,2,False
8725efa3-5cc4-4dad-a36a-260a998a6953,False,0.11165725439786911,0.09534438775510204,1,False
3fad6559-5289-4da1-a682-df0c97a08e38,True,0.254378080368042,0.11965880102040816,2,False
d184ed19-d81a-4168-9e45-21e1332390be,False,0.04342922195792198,0.043247767857142856,1,False
35114241-ead7-425a-a694-4f5131f0dc50,True,0.46800312399864197,0.3938536352040816,2,False
6a66b5bb-54f3-46b0-9675-9d137cb3f895,True,0.21126431226730347,0.06548947704081633,1,False
34a86615-92b7-4b4a-813b-9e62e51b6d10,True,0.4341414272785187,0.30624202806122447,2,False
3c072590-e9e8-4ac2-b9e7-dd1776e2a537,False,0.05818994343280792,0.10076530612244898,2,False
32764f2f-ea89-4d7c-aa7d-e70366218270,False,0.0,0.017299107142857144,1,False
5dbb418a-7dc7-4ceb-a3f0-956b28b39734,False,0.02666662260890007,0.009167729591836735,1,False
63450918-0bbe-43ac-9d0f-22bed387dfdb,True,0.16750626266002655,0.06975446428571429,2,False
ae7a7ed0-ea01-44de-9287-b2dec267bcfd,False,0.0013363391626626253,0.05963010204081633,1,False
bedb1f67-9f34-417b-aa14-ebfca18a38b5,False,0.0,0.0457389987244898,1,False
b6e7d1aa-74ca-4fc1-b268-415b9e4954ce,False,0.012192144058644772,0.14540816326530612,2,False
6e79d058-f131-42b2-8968-0a4665d71be5,False,0.0,0.056919642857142856,2,False
ccd41f6b-7715-4c84-9957-c5eaee20b0f1,False,0.0,0.06078603316326531,1,False
bffde351-7ccf-49cd-aa8b-893c7d359e29,True,0.24808953702449799,0.09295280612244898,2,False
d6ec5711-f4f6-4548-8ea5-b002ecc19423,True,0.07738365232944489,0.03685028698979592,1,False
08f9a388-c195-4b33-8acd-e05d4da14585,True,0.240326926112175,0.07922114158163265,1,False
ac23d97b-7d42-4ad9-ad8f-db7e6aeddffa,False,0.23458704352378845,0.06995376275510204,1,False
3594b48f-fcc1-4947-93f5-64be66467147,False,0.3097307085990906,0.2035235969387755,2,False
bb1e0002-241f-4b8d-83f9-dc3954dc3cd7,False,0.0,0.04185267857142857,1,False
ba30b9a4-bebd-4196-a972-e7178508b55e,False,0.0,0.029057716836734693,1,False
a93bed75-231d-47cc-a21e-9a70c0d072b2,True,0.27375999093055725,0.17101801658163265,2,False
3766b0a6-1769-4d82-b081-fa53531de34e,True,0.3459107279777527,0.2174346301020408,2,False
97b49b96-d8ba-4fed-bc9e-e0912c9f66eb,True,0.3452097773551941,0.2071906887755102,2,False
3a0fb504-c7fe-4f7e-9bf1-98560c74614d,True,0.28821179270744324,0.17273198341836735,2,False
5dff9c58-6243-4f60-8ac2-09caae7a9921,True,0.25609129667282104,0.09291294642857142,1,False
905fcc4a-7a63-4326-9e55-2e8a9ecf1d9c,True,0.30209651589393616,0.21412627551020408,2,False
b36ddceb-a4c3-4f3e-9b95-cac57da3d0b9,False,0.14540477097034454,0.11405851403061225,2,False
04c08d05-e5f7-4de3-b0b3-d39b3bb9d113,False,0.07473564893007278,0.03298389668367347,2,False
2e3363a0-19d9-47d7-b7e5-d2142da1b9fa,False,0.0116271385923028,0.02702487244897959,2,False
bf842c92-c6ed-4be4-b188-c05ec8bf8dc2,False,0.2857140004634857,0.18461017219387754,2,False
b4f66208-8c31-433c-9f82-72104bc35112,False,0.0,0.020448022959183673,1,False
3434889e-68e9-416d-bf95-ca21275eda5e,False,0.10205903649330139,0.07912149234693877,2,False
bf7b0977-4f77-45a7-8c03-77602f82b905,True,0.1333601027727127,0.048549107142857144,1,False
08542d41-e606-41df-b08c-9527b531f13f,False,0.6258894205093384,0.3051658163265306,2,False
01cad8d0-45cd-4603-b099-94055d322310,True,0.4134575426578522,0.1753826530612245,2,False
9d5edce9-4fce-444f-b907-a70e2c6cd166,False,0.00431807478889823,0.031050701530612245,1,False
08b0056b-c563-4b30-9101-2ed685fdad1f,False,0.46731919050216675,0.4304049744897959,2,False
4b26d000-be82-4426-80f6-d129ff2e8c7c,True,0.366457998752594,0.26283482142857145,2,False
9ee2b533-9bd1-461d-acbc-ac74aa13818b,True,0.21928833425045013,0.08231026785714286,1,False
06b52ffd-71b8-429a-a284-bb39240ed343,False,0.46442270278930664,0.37185108418367346,2,False
f7379744-be39-44b2-8816-a743857bd6a6,True,0.17829269170761108,0.09839365433673469,2,False
bd7b4e6e-5384-4cce-9732-0dd7f9d15da8,True,0.42683783173561096,0.29683514030612246,2,False
9acc3015-cffb-414a-a8b1-87555ba73b50,False,0.07321775704622269,0.0703125,1,False
4b8c3f3e-19ba-4883-866f-bdc033d40d87,True,0.25839078426361084,0.09765625,1,False
7f957ae7-0d22-47c2-8c41-ecf5aeccb1f0,True,0.17013604938983917,0.08131377551020408,2,False
bf5b8e51-9dfe-4248-b38e-45a9f598b0c8,False,0.0,0.0498046875,1,False
fb8167ad-76f8-4f75-a422-90304c82f9d7,False,0.12538620829582214,0.06945551658163265,1,False
4dcb986c-d32b-4acf-870b-342a42da7617,True,0.44080474972724915,0.24920280612244897,2,False
d373b335-d9d9-4594-b97e-03ec9aa8daa2,False,0.3653101921081543,0.2764867665816326,2,False
d780acd3-4af3-48f2-a60a-0c56ff78de4e,False,0.008257445879280567,0.04241071428571429,2,False
3517d4f2-175a-4ec4-a274-eda1d8189299,False,0.0849546268582344,0.21775350765306123,2,False
989620ed-615e-47a9-a2be-402c3b6f937e,False,0.09483984112739563,0.0390625,1,False
ba174e17-bdad-4a4e-98dc-21e270b93248,False,0.0859135314822197,0.04412468112244898,1,False
c88d5bf1-aac9-4d2e-87ab-c3a0d8028f12,True,0.2673603594303131,0.15955835459183673,2,False
a7a08920-e6ca-4638-a59b-ac10d5e58c8c,False,0.0013995637418702245,0.0274234693877551,1,False
a10735b4-e069-4df3-b1e4-5e54825ebfe1,False,0.20644928514957428,0.07461734693877552,1,False
f454d325-7967-4c13-ab5f-139dc0f1ecbf,True,0.10446039587259293,0.031090561224489797,1,False
42c5154e-192b-4b06-baab-ebecff1d2eed,True,0.2831287384033203,0.16950334821428573,2,False
b5a6e376-eb68-485a-a08d-a4cca17cbf9c,False,0.05480194464325905,0.07254464285714286,1,False
b63f4c12-5731-41e2-8d89-2ae0c4daba41,True,0.1943192332983017,0.12747130102040816,2,False
624a95b9-354b-415e-8bcc-382c6510469d,True,0.41268786787986755,0.20432079081632654,2,False
e79c364c-a4a4-4201-b5fc-4b46701b5cf4,False,0.05379953235387802,0.021424585459183673,1,False
78221b16-5fd9-4a99-a966-56b693c2e5d7,False,0.2772255837917328,0.1874202806122449,3,False
a4cba60f-6006-4a32-8ce7-488fa06bec4c,True,0.3400932252407074,0.18576610331632654,2,False
8d978e76-14b9-4d9d-9ba6-aadd3b8177ce,True,0.31482934951782227,0.13974808673469388,2,False
f146bd0b-415f-45eb-b0c5-16d34a47c486,True,0.19519881904125214,0.05149872448979592,1,False
e81a17d3-0c93-47fd-8cab-4ca7914ad86e,False,0.046426888555288315,0.04549984056122449,2,False
2f873371-c1a7-4c07-9470-3bbcc201832d,False,0.000295904086669907,0.02072704081632653,1,False
f59ae80d-d98e-465f-963a-1064764211f8,True,0.13288933038711548,0.06570870535714286,2,False
73dec8bd-601a-4cbe-9ae8-336c5cbd77e2,False,0.21721826493740082,0.21081792091836735,3,False
37b36218-c174-4940-a7bc-5e5601df63d6,True,0.060071926563978195,0.024214764030612245,1,False
518063cc-d0f4-44c1-9589-af6c046c6dcf,False,0.018375491723418236,0.052614795918367346,1,False
22ff9ca2-6b24-422a-b8da-6f986a870077,True,0.02483793906867504,0.008131377551020409,1,False
3f9d98ed-1a89-436c-a528-8d34b10a8530,True,0.4363946318626404,0.3502869897959184,2,False
bcd2d62d-b9a4-4b2c-b8a8-ef27a1f65226,True,0.5039086937904358,0.35353555484693877,2,False
aad5a7ee-f327-4444-9a29-f279d3832286,True,0.21529826521873474,0.09554368622448979,2,False
b358a4f5-330d-43fa-a26d-4a80e7d5b410,True,0.43841323256492615,0.3148915816326531,2,False
eba26223-cd3f-4b8b-a4b8-3ebc3922da4f,True,0.24781151115894318,0.11348054846938775,2,False
7508399d-307f-450d-8f47-f24930ad6fb6,True,0.21156780421733856,0.09201610331632654,2,False
c4a9d607-67c3-49f7-b110-7e0f1dcfea4a,True,0.11167685687541962,0.02889827806122449,1,False
ac166a48-f6e6-4236-8a92-c41b1e1ed87d,False,0.11440741270780563,0.030970982142857144,1,False
35071f53-b924-440e-bdfe-7e6f3c74989d,False,0.0,0.11868223852040816,2,False
5f8ecc2d-d8b8-4974-b327-7920315c55aa,True,0.2760232388973236,0.1388313137755102,2,False
beaee8dc-2b30-41c5-b646-b6f602b965a7,False,0.0863393023610115,0.11898118622448979,2,False
8142655b-0c33-40c2-a873-e504651431bc,True,0.11850085109472275,0.03942123724489796,1,False
8b3a6f49-caac-41b9-be2c-93b0def7d93b,False,0.5163558721542358,0.32479671556122447,2,False
373a5932-9260-40b0-9762-f5420f1fc4e5,True,0.2999895215034485,0.1829559948979592,2,False
25300d70-86f1-4be6-83a9-f6ae31a0b451,False,0.0,0.015904017857142856,1,False
c2a5f77c-517d-4987-84e3-0338ad29704e,False,0.0,0.012974330357142858,1,False
3fbd4620-cd61-4c5d-a067-aa8025df7430,True,0.40469256043434143,0.2612404336734694,2,False
063fed6c-4ecd-4a74-8f0d-c7a906a3afa4,True,0.4922786355018616,0.3022361288265306,2,False
36491026-0b06-429a-97bf-644518295055,True,0.08412596583366394,0.03551498724489796,1,False
414e4ca5-583d-4518-9e9a-de70d68dc8af,True,0.1515793651342392,0.0784438775510204,1,False
240d4da6-3775-4515-b884-d67bccc47496,False,0.0,0.03419961734693878,1,False
a9552aa7-691e-40ab-835b-16237c608b03,True,0.2243642657995224,0.14253826530612246,2,False
f9883384-de94-4687-8c57-69d2e4a37c82,False,0.1477716565132141,0.05959024234693878,1,False
576a7e67-815c-47fd-a603-fcdab510ac78,False,0.2653471529483795,0.10851801658163265,1,False
c8d798bb-5bcb-4ca0-8b16-e360805aac69,False,0.05736606940627098,0.030133928571428572,1,False
0488a028-fb77-46e1-85fb-f0b86cf57fee,False,0.0,0.00860969387755102,1,False
85ea73b8-aef6-43a1-819d-0ceb0af633f5,False,0.0,0.054368622448979595,1,False
7934f518-dbaa-4201-922b-1bc93a245e84,False,0.011831451207399368,0.007792570153061225,1,False
361c09b7-beb1-4be9-bb4b-c6400c293a19,False,0.3893434703350067,0.23214285714285715,2,False
b22eeadd-f4c0-4ede-b41a-78549f7a058e,False,0.043881602585315704,0.0891860650510204,2,False
03e4827c-7338-4de3-9ac6-8831ba5637e9,False,0.002601043554022908,0.017916932397959183,1,False
c3b9b37a-812c-439e-913f-39e94b8ec870,True,0.2276938557624817,0.20224808673469388,2,False
1e919d0a-d02e-424b-abf4-6bbf4f6f9ad3,False,0.0077119022607803345,0.015066964285714286,1,False
6a778bf7-2bbd-4804-9d81-38eca7019ffe,True,0.15601032972335815,0.06905691964285714,1,False
1a007e73-2048-4948-a4c0-ef745246bc76,False,0.13843286037445068,0.0840640943877551,2,False
b2cfe02e-0293-4193-bf3f-b4a7dd4bf68c,True,0.2168813943862915,0.08737244897959184,2,False
59a7bb86-70cd-4b0f-9f17-330e2a76f4aa,True,0.27166780829429626,0.1728515625,2,False
b6019839-752f-4db1-bf83-f5460472deb1,False,0.0,0.012954400510204082,1,False
3a58fb6d-911e-419c-b00e-b7d29918baf1,False,0.0,0.015066964285714286,1,True
012a5620-d082-4bb8-9b3b-e72d8938000c,True,0.2706790864467621,0.14401307397959184,2,False
ef8c6816-f060-479b-a122-fea344b21221,True,0.05693097040057182,0.027582908163265307,2,False
842eb0e1-5f81-4167-8e37-66d8dd5355bf,True,0.09411165118217468,0.039381377551020405,1,False
bf3ef845-34ab-4b80-81e7-ac7a3b23485a,False,0.04128450155258179,0.0400390625,1,False
15d3c938-6ccd-4abe-a49d-5fb469a1ea14,False,0.1663082242012024,0.10792012117346939,2,False
e178c7c6-a213-4023-a125-45cf59949b20,False,0.02375781536102295,0.03218670280612245,2,False
e01ef6c8-20f4-48a3-8917-686da0e5b454,False,0.08924204856157303,0.07461734693877552,2,False
741500a4-d128-4b85-852b-428779f5c5ec,False,0.15304087102413177,0.10786033163265306,2,False
b76086b3-9550-44f9-a2a8-394c7793bac8,True,0.1623210608959198,0.11415816326530612,2,False
ca6ed544-2804-4f23-97a6-5a9f4814e7c1,False,0.1399274617433548,0.08874760841836735,1,False
5c0149ad-fbb6-49a3-bd2d-de30ee0db938,False,0.032160643488168716,0.00932716836734694,1,False
1e1d4b6e-7fe6-4ea7-91ea-9c42ec8d6f00,False,0.20128746330738068,0.1153140943877551,2,False
3e02b7d7-22a3-4aa7-87da-5947c45f83fa,True,0.39569827914237976,0.18132174744897958,2,False
ae8e592b-13bb-4d75-aac3-3eed3f0c21ca,False,0.16367682814598083,0.2563376913265306,2,False
8bd6bfaa-af66-435f-95c3-99c9f5e7074b,True,0.35282543301582336,0.1935188137755102,2,False
3f432d6b-e0a2-4b46-ad7f-e42f713814ee,True,0.289703369140625,0.11774553571428571,2,False
ab7d4c3c-d22d-4d21-a0c1-c78e26a2cca6,False,0.00279953982681036,0.043048469387755105,1,False
b750080e-5e58-4c49-94dc-8db8d20d4489,False,0.00010259472037432715,0.05133928571428571,1,False
b532569f-be57-44a1-8452-83aa0bf278d1,False,0.0,0.022321428571428572,1,False
bc4f2fce-e1dd-4d50-bdb5-103c25f46c8b,False,0.030305936932563782,0.0458984375,1,False
b54df7bb-39f6-454d-bb1f-4eceb2d08d3c,True,0.24273540079593658,0.1448700573979592,2,False
0918aae8-b873-4510-b975-c6e87df90f58,True,0.586521565914154,0.3809789540816326,2,False
ca3d47d8-af70-4742-b53c-2cb77aaf63b7,False,0.11847760528326035,0.06134406887755102,1,False
c3b185a1-bcb2-4cdb-a4ac-1aeb2668751c,True,0.1867367923259735,0.12262834821428571,2,False
fcb9ac7c-e587-48e2-932d-ce270d6d66b8,True,0.09900546073913574,0.05080117984693878,2,False
8fde7f84-5ddc-4b0d-9eb6-3daa4fcad8af,False,0.0110887186601758,0.027981505102040817,1,False
3ab3b6ca-609a-4d1b-99b2-571528e637e8,True,0.44166630506515503,0.36308195153061223,2,False
3a925cdd-891d-42bf-9ce1-30e7c95318be,True,0.31669434905052185,0.1301219706632653,2,False
5eb5e5a8-076b-4bf8-ae80-26f6334e8790,True,0.16325220465660095,0.0595703125,1,False
3a48ce85-63f3-4443-857c-1d180ed52e7d,False,0.0,0.01594387755102041,1,False
401b69a0-3d07-47f8-bfea-4bc30aa51403,False,0.0001478138437960297,0.015545280612244899,2,False
96b91c36-e503-462e-9d18-38f7439690f7,False,0.0,0.0421516262755102,1,False
31428408-0d97-4ff5-b387-8d1c95cf5a0d,True,0.12016177922487259,0.050083705357142856,2,False
ae77fb82-6cd1-4a22-8224-8ad1c359fd5e,False,0.0,0.038743622448979595,1,False
673a442a-9862-4b7b-83ef-9205c4c9dc1a,True,0.09532838314771652,0.028459821428571428,1,False
16b79bed-11af-493a-994a-294b21d34c88,False,0.007118064444512129,0.06760204081632654,1,False
8e52b303-1920-4d5d-8487-d86fb4e3e315,False,0.0,0.007892219387755101,1,False
69702abd-0555-4e3c-bb6a-f73a1d47adfd,True,0.08975633978843689,0.0274234693877551,1,False
366c5768-5fba-4ba1-8532-082d3ba3c9bf,False,0.32655778527259827,0.09950972576530612,2,False
c63e2132-aaa3-4d1b-aba9-ce7ea8d1c7f3,True,0.1323903501033783,0.04783163265306122,1,False
46c629c3-b58e-4b25-bedc-c8aabd9b5ad1,False,0.0009957028087228537,0.016741071428571428,1,False
7cedbe1b-b8b6-42b4-a0b2-ae189fee42af,False,0.01574108377099037,0.007114955357142857,1,False
f9948c5e-f97b-45a2-a5f5-236cf83fdc13,True,0.24282211065292358,0.12908561862244897,2,False
18832ae7-6e31-4667-8eb5-3eddf5ab6d8e,True,0.23346267640590668,0.09084024234693877,1,False
826361cd-08ae-49c4-b535-25a4f14026f8,False,0.23433245718479156,0.16310586734693877,2,False
d02e780f-2033-4dbc-a98b-94c1ef4e96cd,False,0.27356818318367004,0.16880580357142858,2,False
1792982c-8183-4199-8217-510c92805614,False,0.26277032494544983,0.1829559948979592,1,False
bc651497-8014-4429-a93b-5860fe9a205a,False,0.041555255651474,0.05803571428571429,1,False
4f781277-d540-4cd6-b405-4f215281d78e,True,0.2859857678413391,0.11288265306122448,1,False
8ed37733-e182-4508-9785-5a546fd41557,False,0.0,0.03515625,1,False
3b17bfb9-8657-4b74-bae8-f597877f4227,False,0.01574476808309555,0.1346859056122449,2,False
ffd787b6-59ca-48cb-bd15-bcedd52cf37c,True,0.3731834590435028,0.23650749362244897,2,False
660413b7-c06e-4194-9157-be698934cbcc,True,0.13852429389953613,0.07557397959183673,1,False
1565fd6c-9432-454a-87e4-937fd5ad5b60,False,0.01877048797905445,0.08428332270408163,3,False
0d1b742e-71fb-4eaa-88eb-b70e403ee565,False,0.030836686491966248,0.02311862244897959,1,False
be200106-3457-4b35-b328-9da7a752f0ff,False,0.3318979740142822,0.27889827806122447,2,False
ab11a2eb-d568-4ee3-acd1-36b81ccba932,True,0.5240762233734131,0.28627232142857145,2,False
6917d6dc-90c7-47cc-8169-f02d0df8a0aa,True,0.156338632106781,0.07836415816326531,2,False
ec4cf99b-0d23-4aa5-abac-3f8ae0257eb9,False,0.021240657195448875,0.02303890306122449,1,False
0965f1e9-2905-40ef-8612-4984e2c7e9ea,False,0.0,0.02285953443877551,1,False
0f1fced1-4c33-44b2-9009-1370aa6287f3,True,0.08963679522275925,0.033502072704081634,2,False
303390de-3812-4aae-893f-3f18897a6c21,False,0.054293036460876465,0.051060267857142856,2,False
7c545810-e2b5-4849-a2ff-893075f28192,True,0.17397049069404602,0.08240991709183673,2,False
ae47e8ca-08cf-432e-8f3f-bbfc8413570d,False,0.0,0.026506696428571428,1,False
bfe40d11-6e72-4ccd-9fd4-5534402fdabf,True,0.39232850074768066,0.1881377551020408,2,False
808d5693-0d8a-4ed3-9407-1f842997e35f,False,0.09091935306787491,0.053392059948979595,1,False
0da8c767-77b7-4c69-98d4-2c5c91b9affc,False,0.3547987639904022,0.27600845025510207,2,False
e85b9e5a-ea0c-4fcd-8e7f-2f8699923099,False,0.0904460996389389,0.06090561224489796,2,False
759f55b1-8bd3-4695-a4ac-6ad6336abaed,False,0.04749540239572525,0.013253348214285714,1,False
a01dc83f-bd19-454b-a317-007a2730852a,False,0.19134049117565155,0.05703922193877551,1,False
e00c1966-e9d7-4845-bd26-1865226786df,True,0.17245247960090637,0.05082110969387755,1,False
a4160584-0311-47f5-877b-9ab95fc2d553,False,0.0017903725383803248,0.056919642857142856,1,False
3f040848-3b3f-4cc9-b7e1-eb5bea7a3a7c,True,0.25087183713912964,0.07672991071428571,1,False
8eabc9fc-174a-4019-b8f2-d67bd6013b47,True,0.43194547295570374,0.33914620535714285,2,False
c9a95d7f-8a6f-49c5-88d3-8a1cfaaf51a4,False,0.024507516995072365,0.06313775510204081,1,False
0cbe5298-68a4-4de0-a693-46eb8e8858ca,True,0.2243017703294754,0.11603156887755102,1,False
00eeb3c9-a892-4fac-a67a-aaa6cc7ffd5c,False,0.0014063832350075245,0.12731186224489796,2,False
0f6ed027-8700-43ff-a4a6-a8211cbbbb02,True,0.26114240288734436,0.11814413265306123,2,False
936f2425-bc13-49ce-a4a1-979fd314ab48,True,0.530506432056427,0.28553491709183676,2,False
a89eb468-2a15-4370-8725-70e8a1ff9007,True,0.24697411060333252,0.15842235331632654,2,False
5e3c7f02-5622-4d7d-83a3-6555eb5839d3,True,0.25896260142326355,0.15306122448979592,2,False
04d59a79-e659-49ca-8790-511f89ac3e1b,False,0.0591195784509182,0.02224170918367347,1,False
